SAMPLE_DATA_TYPE,pAC50,smiles
flor 40 hr,6.378660554,C/[N+](C)=C1\C=C/C(C=C1)=C(/c2ccccc2)c3ccc(cc3)N(C)C.[O-]C(=O)C(=O)O.[O-]C(=O)C(=O)O.O=C(O)C(=O)O.CN(C)c1ccc(cc1)C(\c2ccccc2)=C3/C=C/C(C=C3)=[N+](/C)C
glo 40 hr,6.378660554,C/[N+](C)=C1\C=C/C(C=C1)=C(/c2ccccc2)c3ccc(cc3)N(C)C.[O-]C(=O)C(=O)O.[O-]C(=O)C(=O)O.O=C(O)C(=O)O.CN(C)c1ccc(cc1)C(\c2ccccc2)=C3/C=C/C(C=C3)=[N+](/C)C
flor 40 hr,6.928660554,Cl.Cl.Nc1cc(C)nc2ccc(cc12)NC(=O)Nc3ccc4nc(C)cc(N)c4c3
flor 40 hr,7.378660554,Cl.CN(C)CC\C=C2/c3ccccc3C=Cc1ccccc12
flor 40 hr,7.428660554,Oc2ccc(Cl)cc2Sc1cc(Cl)ccc1O
flor 40 hr,7.328660554,CN(C)CC\C=C1/c3ccccc3Sc2ccc(Cl)cc12
glo 40 hr,7.378660554,CN(C)CC\C=C1/c3ccccc3Sc2ccc(Cl)cc12
flor 40 hr,7.378660554,Clc4cc5NC(=O)N(C3CCN(CCCN1c2ccccc2NC1=O)CC3)c5cc4
glo 40 hr,6.728660554,Cl.CN(C)Cc1c2cc3CN4C(=O)C=5COC(=O)[C@](O)(CC)C=5C=C4c3nc2ccc1O
flor 40 hr,6.878660554,Cl.CN(C)Cc1c2cc3CN4C(=O)C=5COC(=O)[C@](O)(CC)C=5C=C4c3nc2ccc1O
flor 40 hr,7.428660554,Clc1ccc2Oc4ccccc4N=C(c2c1)N3CCNCC3
flor 40 hr,7.328660554,Cl.Fc1ccc(cc1)C(CCCN2CCN(CC2)C(=O)NCC)c3ccc(F)cc3
glo 40 hr,7.378660554,C[N+]2(C)[C@H]1C[C@@H](C[C@@H]2CC1)OC(=O)C(CO)c3ccccc3.[O-][N+]([O-])=O
flor 40 hr,7.428660554,Cl.CN(C)CC\C=C1\c3ccccc3CCc2ccccc12
flor 40 hr,7.428660554,CCN(CC)CCOc1c(I)cc(cc1I)C(=O)c2c3ccccc3oc2CCCC
flor 40 hr,7.278660554,CC(C)COCC(CN(Cc1ccccc1)c2ccccc2)N3CCCC3
glo 40 hr,7.378660554,CC(C)COCC(CN(Cc1ccccc1)c2ccccc2)N3CCCC3
glo 40 hr,7.378660554,O=C(O)C(O)C(O)C(=O)O.COc4ccccc4OCCNCC(O)COc2cccc3nc1ccccc1c23
flor 40 hr,7.328660554,CN1CCN(CC1)CCC(=O)N2c4ccccc4Sc3ccc(cc23)C(F)(F)F
flor 40 hr,6.067424559,[I-].CCN3c4ccccc4SC3=CC=Cc2sc1ccccc1[n+]2CC
flor 40 hr,7.378660554,[O-][N+](=O)c1cccc(c1)C2C(C(=O)OC(C)C)=C(C)NC(N)=C2C(=O)OC3CN(C3)C(c4ccccc4)c5ccccc5
glo 40 hr,7.378660554,[O-][N+](=O)c1cccc(c1)C2C(C(=O)OC(C)C)=C(C)NC(N)=C2C(=O)OC3CN(C3)C(c4ccccc4)c5ccccc5
flor 40 hr,7.428660554,Clc4cccc(N3CCN(CCCCOc1ccc2CCC(=O)Nc2c1)CC3)c4Cl
flor 40 hr,7.028660554,Cl.Cl.CC(C)[C@H]3c4ccc(F)cc4CC[C@]3(OC(=O)COC)CCN(C)CCCc1nc2ccccc2n1
glo 40 hr,7.028660554,Cl.Cl.CC(C)[C@H]3c4ccc(F)cc4CC[C@]3(OC(=O)COC)CCN(C)CCCc1nc2ccccc2n1
flor 40 hr,7.428660554,Cl.Cl.CN4CCC(Nc2nc3c(Nc1ccc(F)c(Cl)c1)ncnc3cn2)CC4
flor 40 hr,7.178660554,Oc1ccc(cc1)C(C)(C)CC(C)(C)C
flor 40 hr,7.278660554,Cl.CNCC[C@H](Oc1cccc2ccccc12)c3cccs3
glo 40 hr,7.378660554,Cl.CNCC[C@H](Oc1cccc2ccccc12)c3cccs3
glo 40 hr,6.617424559,[I-].CCN3c4ccccc4SC3=CC=Cc2sc1ccccc1[n+]2CC
flor 40 hr,7.378660554,CCCCCCCCCCCCOCCOCCOCCOCCOCCOCCOCCOCCOCCO
flor 40 hr,7.428660554,CC(C)(C)c1ccc(O)cc1
flor 40 hr,7.328660554,COc8ccc1cc8Oc7ccc(C[C@H]4c5c(Oc3cc2c(CCN(C)[C@@H]2C1)cc3OC)c6OCOc6cc5CCN4C)cc7
glo 40 hr,7.378660554,COc8ccc1cc8Oc7ccc(C[C@H]4c5c(Oc3cc2c(CCN(C)[C@@H]2C1)cc3OC)c6OCOc6cc5CCN4C)cc7
flor 40 hr,7.378660554,CCCCCCCCCCCCCCCCN
flor 40 hr,7.378660554,Cl.CCN(CC)CCCN(c1ccccc1)C2Cc3ccccc3C2
flor 40 hr,5.478660554,[Na+].[Na+].[O-]c4cc5Oc1cc([O-])ccc1C3(OC(=O)c2ccccc23)c5cc4
flor 40 hr,7.178660554,Cl.O[C@@H](c2cc(nc1c2cccc1C(F)(F)F)C(F)(F)F)[C@H]3CCCCN3
glo 40 hr,7.128660554,Cl.O[C@@H](c2cc(nc1c2cccc1C(F)(F)F)C(F)(F)F)[C@H]3CCCCN3
flor 40 hr,6.928660554,[Br-].C[N+](C)(Cc1ccccc1)CCCCCCCCCCCC
glo 40 hr,6.828660554,[Br-].C[N+](C)(Cc1ccccc1)CCCCCCCCCCCC
flor 40 hr,7.178660554,Cl.OC(COCCCCCCCCCC)CN
glo 40 hr,7.178660554,Cl.OC(COCCCCCCCCCC)CN
flor 40 hr,7.428660554,Cl.O=C(O)CCC(=O)OC(COc2ccccc2CCc1cccc(OC)c1)CN(C)C
flor 40 hr,7.378660554,CCCCN(CCCC)CC(O)c4cc(Cl)cc3c4c1ccc(Cl)cc1\C3=C\c2ccc(Cl)cc2
flor 40 hr,6.567424559,Oc5cc1c3c4c(C(=O)c2c(O)cc(O)c(C(=O)C1(C)C)c23)c(O)cc(C)c45
glo 40 hr,5.767424559,Oc5cc1c3c4c(C(=O)c2c(O)cc(O)c(C(=O)C1(C)C)c23)c(O)cc(C)c45
flor 40 hr,7.328660554,C(CCN1CCOCC1)c3ccc(COc2ccccc2)cc3
flor 40 hr,7.378660554,Cl.O=C(Nc1c(C)cccc1C)C(C)N
flor 40 hr,7.328660554,[Br-].C[N+](C)(C)CCCCCCCCCCCCCCCC
glo 40 hr,7.328660554,[Br-].C[N+](C)(C)CCCCCCCCCCCCCCCC
glo 40 hr,7.378660554,[Cl-].CN(C)c1ccc2nc3ccc(cc3[s+]c2c1)N(C)C
flor 40 hr,7.378660554,C[C@]32CC[C@@H]1[C@H]4CCCC=C4CC[C@H]1[C@@H]3CC[C@@]2(O)CC
flor 40 hr,7.128660554,FC(F)(F)c2cc3C(=C\CCN1CCN(CCO)CC1)/c4ccccc4Sc3cc2
glo 40 hr,7.178660554,FC(F)(F)c2cc3C(=C\CCN1CCN(CCO)CC1)/c4ccccc4Sc3cc2
flor 40 hr,7.228660554,CCN(CCOc1ccc(cc1)C(c2ccccc2)=C(Cl)c3ccccc3)CC
glo 40 hr,7.378660554,CCN(CCOc1ccc(cc1)C(c2ccccc2)=C(Cl)c3ccccc3)CC
flor 40 hr,7.028660554,O=C2C(=C2c1ccccc1)c3ccccc3
glo 40 hr,7.178660554,O=C2C(=C2c1ccccc1)c3ccccc3
flor 40 hr,7.378660554,C[C@H]2CN(CC(C)Cc1ccc(cc1)C(C)(C)CC)C[C@@H](C)O2
flor 40 hr,5.478660554,O=C(OCC)c1ccc(nc1)C#Cc2ccc3SCCC(C)(C)c3c2
flor 40 hr,6.728660554,O=C(Nc1ccccc1N)c2ccc(N)cc2
glo 40 hr,7.378660554,[I-].OC(C(=O)OCC[N+](C)(C)C)(c1ccccc1)c2ccccc2
flor 40 hr,7.328660554,Nc1ncc2C[C@H]3N(CCC[C@@H]3Cc2n1)CCC
flor 40 hr,7.328660554,Oc1ccc(cc1OC)C=C3CCCC(=Cc2cc(OC)c(O)cc2)C3=O
flor 40 hr,7.378660554,[Na+].[Na+].[O-]C(=O)c4ccccc4C=2c3cc(Br)c([O-])c(Br)c3OC=1C=2C=C(Br)C(=O)C=1Br
flor 40 hr,7.228660554,O=C(O[Sn](CCCC)(OC(=O)CCCCCCCCCCC)CCCC)CCCCCCCCCCC
glo 40 hr,7.278660554,O=C(O[Sn](CCCC)(OC(=O)CCCCCCCCCCC)CCCC)CCCCCCCCCCC
flor 40 hr,7.278660554,[Br-].C[N+](C)(CCCCCCCCCCCCCCCC)CC
glo 40 hr,7.278660554,[Br-].C[N+](C)(CCCCCCCCCCCCCCCC)CC
flor 40 hr,7.278660554,[Br-].C[N+](C)(C)CCCCCCCCCCCCCC
flor 40 hr,7.378660554,Clc2cc(Cl)ccc2Oc1ccc(Cl)cc1O
glo 40 hr,7.378660554,Oc1ccc(cc1OC)C=C3CCCC(=Cc2cc(OC)c(O)cc2)C3=O
flor 40 hr,7.278660554,CC(C)(C)c1ccc(cc1)C(=O)CCCN2CCC(CC2)OC(c3ccccc3)c4ccccc4
glo 40 hr,7.278660554,CC(C)(C)c1ccc(cc1)C(=O)CCCN2CCC(CC2)OC(c3ccccc3)c4ccccc4
glo 40 hr,7.378660554,[Br-].C[N+](C)(C)CCCCCCCCCCCCCC
flor 40 hr,7.428660554,Oc4cc5CC[C@@H]1[C@H](CC[C@]2(C)[C@H](CC[C@@H]12)OC(=O)CCC3CCCC3)c5cc4
flor 40 hr,7.328660554,Cl.COc1cc2C(=O)C(Cc2cc1OC)CC4CCN(Cc3ccccc3)CC4
flor 40 hr,5.517424559,[O-][n+]2ccccc2SSc1cccc[n+]1[O-]
glo 40 hr,5.21742456,[O-][n+]2ccccc2SSc1cccc[n+]1[O-]
flor 40 hr,7.278660554,O=C(O)c1ccc2cc(ccc2c1)c3cc(c(OC)cc3)C46CC5CC(CC(C4)C5)C6
flor 40 hr,6.378660554,CN(C)C(=S)SC(=S)N(C)C
glo 40 hr,6.478660554,CN(C)C(=S)SC(=S)N(C)C
flor 40 hr,7.378660554,CN(C)CCOC(=O)c1cc3c(cc1)n(Cc2ccccc2)c(C)c3C
glo 40 hr,7.378660554,CN(C)CCOC(=O)c1cc3c(cc1)n(Cc2ccccc2)c(C)c3C
flor 40 hr,7.378660554,CN1CC/C(CC1)=C3\c4ccccc4CCc2sccc23
flor 40 hr,7.428660554,Nc1nc(C)ncc1CN(C=O)C(C)=C(CCO)SSCCC
flor 40 hr,6.828660554,NC(=O)OC[C@@H]3C=1C(=O)C(N)=C(C)C(=O)C=1N2C[C@@H]4N[C@@H]4[C@@]23OC
glo 40 hr,6.728660554,NC(=O)OC[C@@H]3C=1C(=O)C(N)=C(C)C(=O)C=1N2C[C@@H]4N[C@@H]4[C@@]23OC
flor 40 hr,7.378660554,[Br-].CC[N+](C)(CC)CCOC(=O)c1ccc(cc1)NC(=O)c2ccccc2OCCCCCCCC
flor 40 hr,6.878660554,OCCNCCCCCCCCCCCCCC.O=C(O)C(C)O
glo 40 hr,7.028660554,OCCNCCCCCCCCCCCCCC.O=C(O)C(C)O
flor 40 hr,6.878660554,Oc1ccc(C)c2cccnc12
flor 40 hr,6.778660554,OCCNC(=O)/C=C/c1ccccc1
flor 40 hr,5.578660554,[Na+].CC(C)c1nc(c(/C=C/[C@@H](O)C[C@@H](O)CC([O-])=O)c(c1COC)c2ccc(F)cc2)C(C)C
glo 40 hr,6.078660554,[Na+].CC(C)c1nc(c(/C=C/[C@@H](O)C[C@@H](O)CC([O-])=O)c(c1COC)c2ccc(F)cc2)C(C)C
flor 40 hr,6.978660554,O=C(O)C(O)CC(=O)O.CCN(CC)CCNC(=O)C1C(C)=C(N=C1C)/C=C2/c3cc(F)ccc3NC2=O
glo 40 hr,7.178660554,O=C(O)C(O)CC(=O)O.CCN(CC)CCNC(=O)C1C(C)=C(N=C1C)/C=C2/c3cc(F)ccc3NC2=O
flor 40 hr,6.778660554,O.O=C(O)C(C)O.CCOc1ccc2nc3cc(N)ccc3c(N)c2c1
glo 40 hr,6.928660554,O.O=C(O)C(C)O.CCOc1ccc2nc3cc(N)ccc3c(N)c2c1
flor 40 hr,6.628660554,COc2ccc3nc(NC(=O)Nc1ccccc1)sc3c2
flor 40 hr,7.378660554,Fc1ccc(cc1Cl)Nc2ncnc3cc(OC)c(cc23)OCCCN4CCOCC4
glo 40 hr,7.428660554,Fc1ccc(cc1Cl)Nc2ncnc3cc(OC)c(cc23)OCCCN4CCOCC4
flor 40 hr,7.428660554,Cl.O=C(OCC)[C@H](CCc1ccccc1)N[C@H]3CCc2ccccc2N(CC(=O)O)C3=O
flor 40 hr,7.378660554,O=C(Nc1ccc(cc1)[N+]([O-])=O)Nc2ccc(cc2)[N+]([O-])=O
flor 40 hr,6.878660554,[Ca+2].O[C@H](CCn1c(c(c(c1C(C)C)C(=O)Nc2ccccc2)c3ccccc3)c4ccc(F)cc4)C[C@@H](O)CC([O-])=O.[O-]C(=O)C[C@H](O)C[C@H](O)CCn4c(c1ccc(F)cc1)c(c2ccccc2)c(C(=O)Nc3ccccc3)c4C(C)C
flor 40 hr,7.328660554,CC(C)c4nc(CN(C)C(=O)N[C@H](C(=O)N[C@@H](Cc1ccccc1)C[C@H](O)[C@H](Cc2ccccc2)NC(=O)OCc3cncs3)C(C)C)cs4
flor 40 hr,6.628660554,[O-][N+](=O)c1ccc(O)c2ncccc12
flor 40 hr,7.428660554,O=C(CCN1CCC(C1)c2ccccc2)c3ccc4OCCOc4c3
glo 40 hr,7.328660554,O=C(CCN1CCC(C1)c2ccccc2)c3ccc4OCCOc4c3
flor 40 hr,7.348420452,O=S(N)(=O)c1cc(c(c(c1)[N+]([O-])=O)N(CCC)CCC)[N+]([O-])=O
flor 40 hr,7.378660554,Clc2cc3CCc4cccnc4\C(=C1\CCNCC1)c3cc2
glo 40 hr,7.378660554,Clc2cc3CCc4cccnc4\C(=C1\CCNCC1)c3cc2
flor 40 hr,7.328660554,CC(C)Cc1ccc(cc1)CC(=O)O
flor 40 hr,7.278660554,O=C(O[C@H](C[C@@H]1OC(=O)[C@H]1CCCCCC)CCCCCCCCCCC)C(CC(C)C)NC=O
flor 40 hr,6.828660554,FC(F)(F)c1cc(ccc1Cl)C4(O)CCN(CCCC(c2ccc(F)cc2)c3ccc(F)cc3)CC4
flor 40 hr,7.328660554,O=S(=O)(O)O.Nc1cc2nc3cc(N)ccc3cc2cc1.Nc1cc2nc3cc(N)ccc3cc2cc1
glo 40 hr,6.978660554,O=S(=O)(O)O.Nc1cc2nc3cc(N)ccc3cc2cc1.Nc1cc2nc3cc(N)ccc3cc2cc1
flor 40 hr,6.928660554,[I-].CC[n+]3c4ccccc4ccc3C=CC=C2C=Cc1ccccc1N2CC
glo 40 hr,7.028660554,[I-].CC[n+]3c4ccccc4ccc3C=CC=C2C=Cc1ccccc1N2CC
flor 40 hr,7.278660554,FC(F)(F)C1=CN(C(=O)NC1=O)[C@H]2C[C@H](O)[C@@H](CO)O2
flor 40 hr,7.328660554,Cl.Clc1ccc(cc1)C(=O)CN(C)CCCN3c4ccccc4CCc2ccccc23
flor 40 hr,7.378660554,Oc1c(cc(Br)cc1Br)C(=O)Nc2ccc(Br)cc2
flor 40 hr,7.028660554,Cl.Cl.Fc1ccc(cc1)C(c2ccc(F)cc2)N3CCN(CC3)Cc4ccc(OC)c(OC)c4OC
flor 40 hr,7.378660554,O=C2N1C(=C(S[C@@H]1[C@H]2[C@@H](C)O)[C@H]3CCCO3)C(=O)O
glo 40 hr,6.978660554,FC(F)(F)c1cc(ccc1Cl)C4(O)CCN(CCCC(c2ccc(F)cc2)c3ccc(F)cc3)CC4
flor 40 hr,7.178660554,Clc3ccc(CC(O)(c1ccc(C)cc1)c2ccc(OCCN(CC)CC)cc2)cc3
glo 40 hr,7.178660554,Clc3ccc(CC(O)(c1ccc(C)cc1)c2ccc(OCCN(CC)CC)cc2)cc3
flor 40 hr,7.028660554,Ic4c5Oc1c(I)c(O)c(I)cc1C3(OC(=O)c2ccccc23)c5cc(I)c4O
glo 40 hr,7.278660554,Ic4c5Oc1c(I)c(O)c(I)cc1C3(OC(=O)c2ccccc23)c5cc(I)c4O
flor 40 hr,6.278660554,CN(C)c1ccc(cc1)C(=O)OCCC(C)C
flor 40 hr,7.378660554,Clc3sccc3COC(Cn1ccnc1)c2ccc(Cl)cc2Cl
flor 40 hr,7.378660554,Brc1cc(cnc1)C(=O)OC[C@@H]3C[C@]4(OC)c5cccc2c5c(cn2C)C[C@H]4N(C)C3
flor 40 hr,6.728660554,FC1=CN(C(=O)NC1=O)[C@H]2C[C@H](O)[C@@H](CO)O2
flor 40 hr,7.028660554,CS(=O)(=O)O.Oc1cccc(c1C)C(=O)N[C@@H](CSc2ccccc2)[C@H](O)CN3C[C@H]4CCCC[C@H]4C[C@H]3C(=O)NC(C)(C)C
flor 40 hr,7.378660554,COc1cc(cc(OC)c1OC)C(=O)O[C@@H]3C[C@@H]4CN5CCc2c6ccc(OC)cc6nc2[C@H]5C[C@@H]4[C@@H]([C@H]3OC)C(=O)OC
flor 40 hr,7.378660554,O=C(CCl)c1ccc(Cl)cc1Cl
glo 40 hr,7.228660554,O=C(CCl)c1ccc(Cl)cc1Cl
flor 40 hr,6.728660554,N=C(NCCCCC)N\N=C\c2cnc1ccc(cc12)OC
glo 40 hr,6.728660554,N=C(NCCCCC)N\N=C\c2cnc1ccc(cc12)OC
flor 40 hr,7.428660554,CCN(CC)CCOc2ccc3c1ccc(cc1C(=O)c3c2)OCCN(CC)CC
flor 40 hr,6.778660554,Cl.Clc1cc(Cl)ccc1OCCCN(C)CC#C
flor 40 hr,7.378660554,Fc1ccc(cc1)C(=O)CCCN2CCC(O)(CC2)c3ccc(Br)cc3
flor 40 hr,7.378660554,O=C(O)/C=C\C(=O)O.CN1CC\C(CC1)=C2/c4ccccc4Sc3ccccc23
flor 40 hr,6.978660554,CC(C)(CC)C(=O)O[C@H]2C[C@@H](C)C=C3C=C[C@H](C)[C@H](CC[C@@H]1C[C@@H](O)CC(=O)O1)[C@@H]23
glo 40 hr,7.278660554,CC(C)(CC)C(=O)O[C@H]2C[C@@H](C)C=C3C=C[C@H](C)[C@H](CC[C@@H]1C[C@@H](O)CC(=O)O1)[C@@H]23
flor 40 hr,7.178660554,CC(C)Sc1ccc(cc1)C(O)C(C)NCCCCCCCC
glo 40 hr,7.128660554,CC(C)Sc1ccc(cc1)C(O)C(C)NCCCCCCCC
flor 40 hr,7.378660554,Cl.Cl.C[C@H]4CN(CCCn3c1ccccc1c2ccccc23)C[C@@H](C)N4
glo 40 hr,7.378660554,Cl.Cl.C[C@H]4CN(CCCn3c1ccccc1c2ccccc23)C[C@@H](C)N4
flor 40 hr,7.067424559,OC[C@@H](O)[C@@H](O)[C@@H](O)CN2C3=NC(=O)NC(=O)C3=Nc1cc(C)c(C)cc12
flor 40 hr,6.828660554,Fc1ccc(cc1)C(CCCN2CCC4(CC2)C(=O)NCN4c3ccccc3)c5ccc(F)cc5
glo 40 hr,6.828660554,Fc1ccc(cc1)C(CCCN2CCC4(CC2)C(=O)NCN4c3ccccc3)c5ccc(F)cc5
flor 40 hr,7.178660554,FC(F)(F)c2ccc(OC(CCNC)c1ccccc1)cc2
flor 40 hr,6.678660554,Cl.Cl.OCCNCCNc3ccc(NCCNCCO)c2C(=O)c1c(O)ccc(O)c1C(=O)c23
flor 40 hr,6.778660554,Cl.Cl.O.O.CCN(CC)CCCC(C)Nc1c3cc(OC)ccc3nc2cc(Cl)ccc12
glo 40 hr,6.728660554,Cl.Cl.O.O.CCN(CC)CCCC(C)Nc1c3cc(OC)ccc3nc2cc(Cl)ccc12
flor 40 hr,5.528660554,O=C(OC)Nc1nc2cc(ccc2n1)CCCC
flor 40 hr,7.328660554,CN3CCC[C@@H]3CCO[C@](C)(c1ccccc1)c2ccc(Cl)cc2.O=C(O)/C=C/C(=O)O
glo 40 hr,7.378660554,CN3CCC[C@@H]3CCO[C@](C)(c1ccccc1)c2ccc(Cl)cc2.O=C(O)/C=C/C(=O)O
flor 40 hr,7.378660554,O=C1NC(=O)C(N1)(c2ccccc2)c3ccccc3
flor 40 hr,7.028660554,O=C2OC(=O)[C@]3(C)C1CCC(O1)[C@]23C
glo 40 hr,6.228660554,O=C2OC(=O)[C@]3(C)C1CCC(O1)[C@]23C
flor 40 hr,7.378660554,Oc3ccc4ncc(CCCCN1CC=C(CC1)c2ccccc2)c4c3
flor 40 hr,7.278660554,CCC(CCCC)CN1CC(C)(N)CN(CC(CCCC)CC)C1
glo 40 hr,7.328660554,CCC(CCCC)CN1CC(C)(N)CN(CC(CCCC)CC)C1
flor 40 hr,6.928660554,Oc1c(Cl)cc(Cl)c2cccnc12
glo 40 hr,7.378660554,FC(F)(F)c2ccc(OC(CCNC)c1ccccc1)cc2
flor 40 hr,7.428660554,FC(F)(F)c2cc3N(CCCN1CCN(CCO)CC1)c4ccccc4Sc3cc2
glo 40 hr,6.878660554,Cl.Cl.OCCNCCNc3ccc(NCCNCCO)c2C(=O)c1c(O)ccc(O)c1C(=O)c23
flor 40 hr,7.378660554,Clc2ccc(NC(=N)NC(=N)NCCCCCCNC(=N)NC(=N)Nc1ccc(Cl)cc1)cc2
glo 40 hr,7.378660554,Clc2ccc(NC(=N)NC(=N)NCCCCCCNC(=N)NC(=N)Nc1ccc(Cl)cc1)cc2
flor 40 hr,7.428660554,CC(C)c4c3cc(C)c(c1c(C)cc2c(c1O)c(C=O)c(O)c(O)c2C(C)C)c(O)c3c(C=O)c(O)c4O
glo 40 hr,7.428660554,CC(C)c4c3cc(C)c(c1c(C)cc2c(c1O)c(C=O)c(O)c(O)c2C(C)C)c(O)c3c(C=O)c(O)c4O
flor 40 hr,7.378660554,Cl.CC(C)NC(=O)c1ccc(CNNC)cc1
flor 40 hr,7.017424559,O=C(N1CCN(CC1)c3nc2cc(OC)c(OC)cc2c(N)n3)c4ccco4
flor 40 hr,7.278660554,O=C(O)CCC(=O)O.CN1CCN(CC1)C3=Nc4ccccc4Oc2ccc(Cl)cc23
flor 40 hr,7.228660554,COc4cc5CCN[C@H](C[C@H]1C[C@H]2c3cc(OC)c(OC)cc3CCN2C[C@@H]1CC)c5cc4OC
glo 40 hr,6.528660554,COc4cc5CCN[C@H](C[C@H]1C[C@H]2c3cc(OC)c(OC)cc3CCN2C[C@@H]1CC)c5cc4OC
glo 40 hr,7.028660554,O=C(OC)C3=C(C)NC(C)=C(C(=O)OC(C)C)C3c1cccc2nonc12
flor 40 hr,7.378660554,OC(CN1CCC(CC1)Cc2ccc(F)cc2)c3ccc(Cl)cc3
flor 40 hr,7.028660554,Cl.O.Nc1c3ccccc3nc2ccccc12
glo 40 hr,7.128660554,Cl.O.Nc1c3ccccc3nc2ccccc12
flor 40 hr,7.378660554,CNCCCC24CCC(c1ccccc12)c3ccccc34
glo 40 hr,7.428660554,CNCCCC24CCC(c1ccccc12)c3ccccc34
flor 40 hr,7.428660554,Cl.Oc1ccc(cc1)c3sc2cc(O)ccc2c3C(=O)c5ccc(OCCN4CCCCC4)cc5
flor 40 hr,7.428660554,O=C2C=C(C)C(=O)c1ccccc12
flor 40 hr,7.278660554,Cl.CCCCOc1ccc(cc1)C(=O)CCN2CCCCC2
glo 40 hr,6.828660554,Cl.CCCCOc1ccc(cc1)C(=O)CCN2CCCCC2
flor 40 hr,7.378660554,COc1cc(cc(OC)c1OC)C(=O)OCCCN3CCCN(CCCOC(=O)c2cc(OC)c(OC)c(OC)c2)CC3
flor 40 hr,7.428660554,Fc1ccc(cc1)[C@@H]4CCNC[C@H]4COc2ccc3OCOc3c2
flor 40 hr,6.178660554,[Br-].CC[n+]3c4cc(N)ccc4c1ccc(N)cc1c3c2ccccc2
flor 40 hr,7.328660554,Cl.Cc4cc(C)cc(C)c4\N=C2/C=C1c3cc(OC)c(OC)cc3CCN1C(=O)N2C
flor 40 hr,7.478660554,OC(CN1CCN(CC1)c2ccccc2OC)COc4cccc3ccccc34
flor 40 hr,6.778660554,[Br-].COc1ccc(cc1)CN(CC[N+](C)(C)CCCCCCCCCCCCCCCC)c2ncccn2
glo 40 hr,6.728660554,[Br-].COc1ccc(cc1)CN(CC[N+](C)(C)CCCCCCCCCCCCCCCC)c2ncccn2
flor 40 hr,7.228660554,Cl.Clc1ccc(cc1Cl)[C@@H]3CC[C@H](NC)c2ccccc23
glo 40 hr,7.378660554,Cl.Clc1ccc(cc1Cl)[C@@H]3CC[C@H](NC)c2ccccc23
flor 40 hr,6.367424559,Clc2cc(ccc2NC(=O)c1cc(Cl)ccc1O)[N+]([O-])=O
glo 40 hr,6.067424559,Clc2cc(ccc2NC(=O)c1cc(Cl)ccc1O)[N+]([O-])=O
flor 40 hr,7.378660554,OCc1cc(ccc1O)C(O)CNCCCCCCOCCCCc2ccccc2.O=C(O)c2ccc1ccccc1c2O
flor 40 hr,6.928660554,[Cl-].CC(C)(C)CC(C)(C)c2ccc(OCCOCC[N+](C)(C)Cc1ccccc1)cc2C
glo 40 hr,6.928660554,[Cl-].CC(C)(C)CC(C)(C)c2ccc(OCCOCC[N+](C)(C)Cc1ccccc1)cc2C
flor 40 hr,7.428660554,Cl.Nc2nc(N)ccc2/N=N/c1ccccc1
flor 40 hr,7.278660554,CN(C)CCCSc2ccccc2NC(=O)/C=C/c1ccccc1
glo 40 hr,7.378660554,[I-].[I-].[I-].CC[N+](CC)(CC)CCOc1cccc(OCC[N+](CC)(CC)CC)c1OCC[N+](CC)(CC)CC
flor 40 hr,7.378660554,O=C(O)/C=C\C(=O)O.O=C(O)/C=C\C(=O)O.c1cccc2sc(nc12)NCCCOc4cc(CN3CCCCC3)ccc4
flor 40 hr,5.817424559,C[n+]2cc1c6OCOc6ccc1c3ccc4cc5OCOc5cc4c23
glo 40 hr,6.017424559,C[n+]2cc1c6OCOc6ccc1c3ccc4cc5OCOc5cc4c23
flor 40 hr,7.428660554,Cl.Clc1ccc(NC(=N)NC(=N)NC(C)C)cc1
flor 40 hr,5.428660554,O=C(OC)Nc1nc2cc(ccc2n1)C(=O)c3ccccc3
flor 40 hr,7.278660554,Oc1ccc(cc1)C(=C\C)/C(=C/C)c2ccc(O)cc2
flor 40 hr,7.378660554,CS(=O)(=O)O.COc1cc2nc(nc(N)c2cc1OC)N3CCN(CC3)C(=O)C4COc5ccccc5O4
flor 40 hr,7.428660554,Fc1ccc(cc1)C(=O)CCCN2CCC(O)(CC2)c3ccc(Cl)cc3
flor 40 hr,7.378660554,O=C(O)/C=C\C(=O)O.CN1CCN(CC1)C2Cc4ccccc4Sc3ccc(Cl)cc23
glo 40 hr,7.278660554,CC(C)[N+](C)(CCC(c1ccccc1)(C(N)=O)c2ccccc2)C(C)C
flor 40 hr,7.378660554,Oc1ccc(cc1O)[C@@H](O)[C@H](C)N
flor 40 hr,7.378660554,CN1CCN(CC1)C2Cc4ccccc4Sc3ccc(SC)cc23
flor 40 hr,7.378660554,O=C4CC[C@@]3(C)C(CC[C@@H]2[C@@H]3CC[C@@]1(C)[C@H]2CC[C@]1(C)O)=C4
flor 40 hr,6.828660554,[Br-].CCCCCCCCCCCC[N+](C)(C)CCOc1ccccc1
glo 40 hr,6.778660554,[Br-].CCCCCCCCCCCC[N+](C)(C)CCOc1ccccc1
flor 40 hr,7.428660554,CN1CC\C(CC1)=C2\c4ccccc4C=Cc3ccccc23
flor 40 hr,7.378660554,O=C5Nc1ccccc1N5CCCN2CCN(CC2)C(c3ccccc3)c4ccccc4
glo 40 hr,7.378660554,O=C5Nc1ccccc1N5CCCN2CCN(CC2)C(c3ccccc3)c4ccccc4
flor 40 hr,6.878660554,Cl.CCOc1ccc(cc1OCC)Cc3nccc2cc(OCC)c(cc23)OCC
glo 40 hr,7.328660554,Cl.CCOc1ccc(cc1OCC)Cc3nccc2cc(OCC)c(cc23)OCC
flor 40 hr,7.428660554,FC(F)(F)c1ccc(cc1)C(\CCCCOC)=N\OCCN
flor 40 hr,7.428660554,CCN(CCOc1ccc(cc1)Cc2ccccc2)CC
flor 40 hr,6.928660554,[Br-].CCCCCCCCCCCCCCCC[n+]1ccccc1
glo 40 hr,6.928660554,[Br-].CCCCCCCCCCCCCCCC[n+]1ccccc1
flor 40 hr,6.028660554,CC(=O)O[Hg]c1ccccc1
glo 40 hr,6.028660554,CC(=O)O[Hg]c1ccccc1
flor 40 hr,7.58441631,Oc2ccc(Cl)cc2Cc1ccccc1
flor 40 hr,7.378660554,CN1CCN(CC1)C2=Nc4cc(Cl)ccc4Nc3ccccc23
flor 40 hr,6.928660554,O=C(CCCCCCCCCCCCCCC)NCCO
flor 40 hr,5.928660554,O=C(OC)Nc1nc2cc(ccc2n1)Sc3ccccc3
flor 40 hr,6.128660554,O=C(OC)Nc1nc2cc(ccc2n1)SCCC
flor 40 hr,7.328660554,CCN(CC)C(=O)c1ccc(cc1)[C@H](c2cc(OC)ccc2)N3C[C@@H](C)N(C[C@@H]3C)CC=C
flor 40 hr,7.378660554,CNCCCCOc2ccccc2Cc1ccccc1
flor 40 hr,7.328660554,Oc4cc(O)cc5O[C@H](c1ccc2O[C@H](CO)[C@H](Oc2c1)c3ccc(O)c(OC)c3)[C@@H](O)C(=O)c45
flor 40 hr,5.128660555,CN(C)C(=S)SSC(=S)N(C)C
glo 40 hr,5.228660555,CN(C)C(=S)SSC(=S)N(C)C
flor 40 hr,7.278660554,Cc3cc(C)nc3C=C1c2ccccc2NC1=O
flor 40 hr,7.378660554,CN(C)CCCN2c3ccccc3CCc1ccc(Cl)cc12
flor 40 hr,7.328660554,CN(C)CCCN1c3ccccc3Sc2ccc(Cl)cc12
glo 40 hr,7.378660554,CN(C)CCCN1c3ccccc3Sc2ccc(Cl)cc12
flor 40 hr,7.328660554,Fc1ccc(cc1)C(CCCN2CCC(CC2)N3c4ccccc4NC3=O)c5ccc(F)cc5
flor 40 hr,7.378660554,CN(C)C(C)CN1c3ccccc3Sc2ccccc12
glo 40 hr,5.328660554,CCN(CC)C(=S)SSC(=S)N(CC)CC
flor 40 hr,7.378660554,CCN(CC)CCNC(=O)c1cc(OCCCC)nc2ccccc12
flor 40 hr,7.178660554,Cl.CC(NCCC(c1ccccc1)c2ccccc2)c3ccccc3
glo 40 hr,7.328660554,Cl.CC(NCCC(c1ccccc1)c2ccccc2)c3ccccc3
flor 40 hr,6.716373388,Oc1cccc2cccnc12
flor 40 hr,7.328660554,[Cl-].C/[N+](C)=C1\C=C\C(C=C1)=C(/c2ccc(cc2)N(C)C)c3ccc(cc3)N(C)C
flor 40 hr,4.828660554,COc1ccc(cc1)C(=O)CC(=O)c2ccc(cc2)C(C)(C)C
flor 40 hr,7.378660554,Cl.Cl.Fc1ccc(cc1)C(OCCN2CCN(CC2)CCCc3ccccc3)c4ccc(F)cc4
glo 40 hr,7.428660554,Cl.Cl.Fc1ccc(cc1)C(OCCN2CCN(CC2)CCCc3ccccc3)c4ccc(F)cc4
flor 40 hr,7.378660554,Cl.FC(F)(F)c1cc2N(CCCN(C)C)c3ccccc3Sc2cc1
flor 40 hr,7.378660554,O=C(O)/C=C\C(=O)O.CN(C)CC(C)CN2c3ccccc3CCc1ccccc12
flor 40 hr,7.128660554,CCN(CC)CCNc1ccc(CO)c2Sc3ccccc3C(=O)c12
glo 40 hr,7.328660554,CCN(CC)CCNc1ccc(CO)c2Sc3ccccc3C(=O)c12
flor 40 hr,6.928660554,Fc1ccc(cc1)Cn4c5ccccc5nc4NC3CCN(CCc2ccc(OC)cc2)CC3
glo 40 hr,7.028660554,Fc1ccc(cc1)Cn4c5ccccc5nc4NC3CCN(CCc2ccc(OC)cc2)CC3
flor 40 hr,5.678660554,O=C(OC)Nc1nc2cc(ccc2n1)OCCC
glo 40 hr,6.644451664,Oc1cccc2cccnc12
glo 40 hr,7.428660554,[Cl-].C/[N+](C)=C1\C=C\C(C=C1)=C(/c2ccc(cc2)N(C)C)c3ccc(cc3)N(C)C
flor 40 hr,7.428660554,O=C2c3c(O[C@]12C(=CC(=O)C[C@H]1C)OC)c(Cl)c(OC)cc3OC
flor 40 hr,7.378660554,CN(C)C(=O)C(CCN1CCC(O)(CC1)c2ccc(Cl)cc2)(c3ccccc3)c4ccccc4
glo 40 hr,7.378660554,CN(C)C(=O)C(CCN1CCC(O)(CC1)c2ccc(Cl)cc2)(c3ccccc3)c4ccccc4
flor 40 hr,4.978660556,O=C(O)c3nn(Cc1ccc(Cl)cc1Cl)c2ccccc23
flor 40 hr,7.278660554,OCCN1CCN(CC1)CCCN2c4ccccc4Sc3ccc(Cl)cc23
glo 40 hr,7.378660554,OCCN1CCN(CC1)CCCN2c4ccccc4Sc3ccc(Cl)cc23
flor 40 hr,7.378660554,Cl.CN(C)CCCN1c3ccccc3Sc2ccccc12
flor 40 hr,7.378660554,Cc4cccc(C)c4NC(=O)CN3CCN(CCCC(c1ccc(F)cc1)c2ccc(F)cc2)CC3
glo 40 hr,7.378660554,Cc4cccc(C)c4NC(=O)CN3CCN(CCCC(c1ccc(F)cc1)c2ccc(F)cc2)CC3
flor 40 hr,7.428660554,O=C(O)C(O)(CC(=O)O)CC(=O)O.CN(C)CCOc1ccc(cc1)/C(c2ccccc2)=C(/CC)c3ccccc3
glo 40 hr,7.378660554,O=C(O)C(O)(CC(=O)O)CC(=O)O.CN(C)CCOc1ccc(cc1)/C(c2ccccc2)=C(/CC)c3ccccc3
glo 40 hr,7.378660554,[Cl-].[Cl-].C[N+](C)(C)CC[N+]1(C)Cc2c(Cl)c(Cl)c(Cl)c(Cl)c2C1
flor 40 hr,7.378660554,CC=2CCCC(C)(C)C=2/C=CC(\C)=C\C=C\C(\C)=C\C(=O)Nc1ccc(O)cc1
flor 40 hr,7.328660554,Oc1ccc(cc1)C(C)(C)CC
flor 40 hr,7.378660554,O=C(OC)N\N=C\c2c[n+]([O-])c1ccccc1[n+]2[O-]
flor 40 hr,5.928660554,O=C(OC)Nc1nc2cc(ccc2n1)S(=O)c3ccccc3
flor 40 hr,7.428660554,Cl.CNCCCN2c3ccccc3CCc1ccccc12
flor 40 hr,7.428660554,N[C@@H](CO)[C@@H](O)CCCCCCCCCCCCCCC
flor 40 hr,7.028660554,[Cl-].CC(C)(C)CC(C)(C)c2ccc(OCCOCC[N+](C)(C)Cc1ccccc1)cc2
glo 40 hr,6.978660554,[Cl-].CC(C)(C)CC(C)(C)c2ccc(OCCOCC[N+](C)(C)Cc1ccccc1)cc2
flor 40 hr,7.428660554,CC(=O)c1ccc(cc1)c2ccc(cc2)C(=O)NCCCCN3CCN(CC3)c4ccccc4OC
flor 40 hr,7.278660554,Oc1cc(O)ccc1CCCCCC
flor 40 hr,7.278660554,[Na+].O=[N+]([O-])c1ccc(cc1)[C@@H](O)[C@@H](COC(=O)CCC([O-])=O)NC(=O)C(Cl)Cl
flor 40 hr,7.378660554,CCN(CC)CCOC(=O)C1(CCCCC1)C2CCCCC2
flor 40 hr,7.378660554,OCCN(CCO)c2nc1c(nc(nc1c(n2)N3CCCCC3)N(CCO)CCO)N4CCCCC4
flor 40 hr,5.028660554,O=C(c1cc2nc(NC(=O)OC)nc2cc1)c3cccs3
flor 40 hr,7.378660554,CN3[C@H]1CC[C@@H]3C[C@@H](C1)OC(=O)c2cc(Cl)cc(Cl)c2
flor 40 hr,7.378660554,CN4CCCCC4CCN1c3ccccc3Sc2ccc(SC)cc12
flor 40 hr,7.378660554,CC(C)(Cc1ccccc1)N(C)C(=O)CN(CCO)CC(=O)N(C)C(C)(C)Cc2ccccc2
flor 40 hr,7.378660554,CC(=O)c2cc3N(CCCN1CCC(CCO)CC1)c4ccccc4Sc3cc2
flor 40 hr,7.228660554,[O-][N+](=O)O.Clc3ccc(C(OCc1ccc(Cl)cc1)Cn2ccnc2)c(Cl)c3
flor 40 hr,6.728660554,O=C(O)\C=C/C(=O)O.C(C(C1CCCCC1)C2CCCCC2)C3CCCCN3
glo 40 hr,6.728660554,O=C(O)\C=C/C(=O)O.C(C(C1CCCCC1)C2CCCCC2)C3CCCCN3
flor 40 hr,7.328660554,Clc1ccc(cc1)C(c2ccccc2)N3CCCN(C)CC3
flor 40 hr,6.978660554,C[C@@H](CC)C(=O)O[C@H]2C[C@@H](C)C=C3C=C[C@H](C)[C@H](CC[C@@H]1C[C@@H](O)CC(=O)O1)[C@@H]23
glo 40 hr,7.328660554,C[C@@H](CC)C(=O)O[C@H]2C[C@@H](C)C=C3C=C[C@H](C)[C@H](CC[C@@H]1C[C@@H](O)CC(=O)O1)[C@@H]23
glo 40 hr,7.378660554,[I-].CC[N+](CCOc1ccc(cc1)/C=C/c2ccccc2)(CC)CC
flor 40 hr,7.028660554,Oc1ccc(cc1)N3C(=O)C(CCCC)C(=O)N3c2ccccc2
glo 40 hr,7.378660554,Oc1ccc(cc1)N3C(=O)C(CCCC)C(=O)N3c2ccccc2
flor 40 hr,7.378660554,Cl.CNCCCC2c3ccccc3C=Cc1ccccc12
flor 40 hr,7.378660554,O=C(O)/C=C\C(=O)O.O=C(O)/C=C\C(=O)O.CN1CCN(CC1)CCCN2c4ccccc4Sc3ccc(Cl)cc23
flor 40 hr,6.728660554,CC(C)(C)c1ccc(cc1)C(O)CCCN2CCC(CC2)C(O)(c3ccccc3)c4ccccc4
glo 40 hr,6.678660554,CC(C)(C)c1ccc(cc1)C(O)CCCN2CCC(CC2)C(O)(c3ccccc3)c4ccccc4
flor 40 hr,6.728660554,Oc1c(I)cc(Cl)c2cccnc12
flor 40 hr,7.378660554,O=C(OCc1ccccc1)NC[C@@H]3C[C@@H]4c5cccc2c5c(cn2C)C[C@H]4N(C)C3
flor 40 hr,7.571344742,O=C2C1(Cl)C3(Cl)C5(Cl)C1(Cl)C4(Cl)C2(Cl)C3(Cl)C4(Cl)C5(Cl)Cl
glo 40 hr,7.671344742,O=C2C1(Cl)C3(Cl)C5(Cl)C1(Cl)C4(Cl)C2(Cl)C3(Cl)C4(Cl)C5(Cl)Cl
flor 40 hr,7.654900032,Cl.Cc1nnc(o1)c2cc(C)c(cc2)c3ccc(cc3)C(=O)N6CCc5cc7OCC4(CCN(CC)CC4)c7cc56
glo 40 hr,7.654900032,Cl.Cc1nnc(o1)c2cc(C)c(cc2)c3ccc(cc3)C(=O)N6CCc5cc7OCC4(CCN(CC)CC4)c7cc56
flor 40 hr,7.587919464,Cl.COc1cccc(c1)c2ccc(cc2Cl)/C=C\CN3CCCCCC3
glo 40 hr,7.637919464,Cl.COc1cccc(c1)c2ccc(cc2Cl)/C=C\CN3CCCCCC3
flor 40 hr,7.641210446,O=C2CO[C@](CN2c1ccccc1)(CCN3CCC(NC(C)=O)(CC3)c4cccc(F)c4)c5ccc(Cl)c(Cl)c5.O=C(O)CCC(=O)O
glo 40 hr,7.641210446,O=C2CO[C@](CN2c1ccccc1)(CCN3CCC(NC(C)=O)(CC3)c4cccc(F)c4)c5ccc(Cl)c(Cl)c5.O=C(O)CCC(=O)O
flor 40 hr,7.337820132,C[C@@H](CC)C(=O)O[C@H]2C[C@@H](C)C=C3C=C[C@H](C)[C@H](CC[C@@H]1C[C@@H](O)CC(=O)O1)[C@@H]23
flor 40 hr,7.378660554,O=C(O)C(O)C(O)C(=O)O.COc4ccccc4OCCNCC(O)COc2cccc3nc1ccccc1c23
flor 40 hr,7.639896549,CC(C)(C)c1cc(ccc1O)C(C)(C)C
flor 40 hr,6.428660554,O=C(Nc1ccccc1)CCCCCCC(=O)NO
glo 40 hr,6.678660554,O=C(Nc1ccccc1)CCCCCCC(=O)NO
glo 40 hr,7.704900032,Cl.CS(=O)(=O)Nc1cc(ccc1O)OC[C@@H](O)CN[C@H]2CC[C@@H](CC2)c3ccc(cc3)C(=O)OCC
flor 40 hr,7.739896549,Clc1ccc(cc1)C(c2ccc(Cl)cc2)C(Cl)(Cl)Cl
flor 40 hr,7.639896549,CC(=O)[C@H]2CC[C@H]3[C@@H]4CCC1=CC(=O)CC[C@]1(C)[C@H]4CC[C@]23C
flor 40 hr,7.689896549,CC(C)(C)c1ccccc1O
flor 40 hr,7.846509029,Cl.FC(F)(F)c1ccc(Cl)c(c1Cl)C(=O)N[C@@H]([C@@H]3CN2CCC3CC2)c4ccccc4
glo 40 hr,6.378660554,O=C(Oc1ccccc1)CCCCCCCCC#CI
flor 40 hr,7.067424559,CCN1CCN(CC1)c3cc(c2ccc(F)cc2)c4CCCCCCc4n3
flor 40 hr,7.710320206,[O-][N+](=O)c2cc3nc(Cc1ccc(OCC)cc1)n(CCN(CC)CC)c3cc2
flor 40 hr,7.743475453,Cl.C[C@@H](NC)CC(c1ccccc1)(c2ccccc2)[C@@H](OC(C)=O)CC
flor 40 hr,7.378660554,Brc1ccc(cc1)C(OCCN(C)C)c2ccccc2
flor 40 hr,7.278660554,O=C(Oc2cc(ccc2OC(=O)c1ccc(C)cc1)C(O)CNC(C)(C)C)c3ccc(C)cc3
glo 40 hr,7.378660554,O=C(Oc2cc(ccc2OC(=O)c1ccc(C)cc1)C(O)CNC(C)(C)C)c3ccc(C)cc3
flor 40 hr,7.378660554,Clc4ccc5CCc1ccccc1N(CCCN2CCC(CC2)(C(N)=O)N3CCCCC3)c5c4
glo 40 hr,7.378660554,Clc4ccc5CCc1ccccc1N(CCCN2CCC(CC2)(C(N)=O)N3CCCCC3)c5c4
flor 40 hr,7.078660554,CCCS(=O)c1cc2nc(NC(=O)OC)nc2cc1
flor 40 hr,7.739896549,CC(=O)N1CCN(CC1)c2ccc(cc2)OC[C@H]4CO[C@@](Cn3cncc3)(O4)c5ccc(Cl)cc5Cl
glo 40 hr,7.739896549,CC(=O)N1CCN(CC1)c2ccc(cc2)OC[C@H]4CO[C@@](Cn3cncc3)(O4)c5ccc(Cl)cc5Cl
glo 40 hr,7.378660554,[I-].C[N+]1(CCCCC1)CC2COC(O2)(C3CCCCC3)c4ccccc4
flor 40 hr,7.328660554,C[C@H](CN1CCCC1)C(=O)c2ccc(cc2)C(F)(F)F
glo 40 hr,7.793475453,Cl.C[C@@H](NC)CC(c1ccccc1)(c2ccccc2)[C@@H](OC(C)=O)CC
flor 40 hr,6.278660554,Cc1ccc(c2[Hg]Oc12)[N+]([O-])=O
glo 40 hr,6.478660554,Cc1ccc(c2[Hg]Oc12)[N+]([O-])=O
flor 40 hr,7.539896549,FC(F)(F)c3cccc(C(=O)N[C@H]([C@@H]1CCCCN1)c2ccccc2)c3Cl
glo 40 hr,7.639896549,FC(F)(F)c3cccc(C(=O)N[C@H]([C@@H]1CCCCN1)c2ccccc2)c3Cl
flor 40 hr,7.639896549,O=C(c2ccc(C#Cc1ccccc1F)o2)N3CCC(CC3)c4cccc(CN)c4
flor 40 hr,7.378660554,[K+].Cc1ccccc1C(=O)N3CC/C(=N\OS([O-])(=O)=O)c2ccc(Cl)cc23
flor 40 hr,6.978660554,Fc6ccccc6C3=N[C@@H](NC(=O)c1cc2ccccc2n1)C(=O)N5CCc4cccc3c45
flor 40 hr,7.378660554,Oc1ccc(cc1OC)/C=C/C(=O)O[C@@H]3C[C@@H]4CN5CCc2c6ccc(OC)cc6nc2[C@H]5C[C@@H]4[C@@H]([C@H]3OC)C(=O)OC
flor 40 hr,7.589896549,Oc1ccc(cc1)C(C)(C)CC
flor 40 hr,5.585467532,[Na+].[O-][n+]1ccccc1[S-]
glo 40 hr,5.685467532,[Na+].[O-][n+]1ccccc1[S-]
flor 40 hr,7.428660554,O=C(O)[C@H](O)[C@H](O)C(=O)O.CN(C)C[C@H](C)CN1c3ccccc3Sc2ccccc12.CN(C)C[C@H](C)CN1c3ccccc3Sc2ccccc12
flor 40 hr,7.428660554,OC(C(C)N(C)CCOC(c1ccccc1)c2ccccc2)c3ccccc3
flor 40 hr,7.278660554,FC(F)(F)c1cc(ccc1Cl)NC(=O)Nc2ccc(Cl)cc2
flor 40 hr,7.746820786,Cl.CCC(=O)N(c1ccccc1)C2CCN(CC2)C(C)Cc3cccs3
flor 40 hr,7.739896549,Clc1ccccc1Cl
glo 40 hr,7.328660554,[Cl-].CN(C)c1ccc2nc3cc(C)c(N)cc3[s+]c2c1
flor 40 hr,5.228660555,S=C(SSC(=S)N1CCCCC1)N2CCCCC2
glo 40 hr,5.328660554,S=C(SSC(=S)N1CCCCC1)N2CCCCC2
flor 40 hr,5.186258408,Cl.C[C@H](NCC)Cc1ccccc1
flor 40 hr,7.328660554,[Cl-].C[n+]1c3cc(N)ccc3cc2ccc(N)cc12.Nc1cc2nc3cc(N)ccc3cc2cc1
flor 40 hr,7.028660554,[O-][N+](=O)O.Clc1ccc(cc1)CCC(Sc2c(Cl)cccc2Cl)Cn3ccnc3
flor 40 hr,7.428660554,Fc1ccc(cc1)n5cc(C3CCN(CCN2CCNC2=O)CC3)c4cc(Cl)ccc45
glo 40 hr,7.428660554,Fc1ccc(cc1)n5cc(C3CCN(CCN2CCNC2=O)CC3)c4cc(Cl)ccc45
flor 40 hr,7.378660554,Fc1ccc(cc1)Cn2c3ccccc3nc2N
glo 40 hr,7.078660554,Clc1nc(C(=O)OC)c(N)nc1Cl
flor 40 hr,7.378660554,Clc1ccc(CCCC[N+](CC)(CC)CCCCCCC)cc1.[O-]S(=O)(=O)c1ccc(C)cc1
glo 40 hr,7.378660554,Clc1ccc(CCCC[N+](CC)(CC)CCCCCCC)cc1.[O-]S(=O)(=O)c1ccc(C)cc1
flor 40 hr,7.378660554,Oc2cccc1C[C@H](CCc12)N(CCC)CCc3cccs3
glo 40 hr,6.678660554,[Cl-].C[n+]1c3cc(N)ccc3cc2ccc(N)cc12.Nc1cc2nc3cc(N)ccc3cc2cc1
flor 40 hr,7.428660554,CS(=O)(=O)O.CS(=O)(=O)O.CN(C)S(=O)(=O)c2cc3N(CCCN1CCN(C)CC1)c4ccccc4Sc3cc2
flor 40 hr,6.928660554,CC(=O)O.Oc1ccc(cc1)c5c(C)c2cc(O)ccc2n5Cc3ccc(cc3)OCCN4CCCCCC4
glo 40 hr,6.978660554,CC(=O)O.Oc1ccc(cc1)c5c(C)c2cc(O)ccc2n5Cc3ccc(cc3)OCCN4CCCCCC4
flor 40 hr,7.378660554,CCCN(CCC)C(=O)C(NC(=O)c1ccccc1)CCC(=O)OCCCN5CCN(CCOC(=O)Cc4c2cc(OC)ccc2n(C(=O)c3ccc(Cl)cc3)c4C)CC5
flor 40 hr,7.428660554,NC1(CCC1)c2ccc(cc2)c3nc5C=CN6C(=O)NN=C6c5cc3c4ccccc4
flor 40 hr,7.483104264,Cl.COc1ccc2C[C@H]4N(C)CC[C@@]35[C@@H](Oc1c23)[C@@H](O)C=C[C@@H]45
flor 40 hr,7.639896549,[K+].O.FC(F)(F)C(F)(F)COc3ccc(F)cc3c1cccc(c1)c2nc([n-]n2)C(N)=O
flor 40 hr,7.715920624,Cl.CC(C)N(C)C(=O)[C@@H](Cc2ccc(CN1[C@H](C)CCC[C@@H]1C)cc2)NC(=O)C[C@@H](NS(=O)(=O)c3cc4ccc(OC)cc4cc3)c5ccc6OCOc6c5
glo 40 hr,7.715920624,Cl.CC(C)N(C)C(=O)[C@@H](Cc2ccc(CN1[C@H](C)CCC[C@@H]1C)cc2)NC(=O)C[C@@H](NS(=O)(=O)c3cc4ccc(OC)cc4cc3)c5ccc6OCOc6c5
glo 40 hr,7.715920624,[Na+].CC[C@H](NC(=O)c3cc(F)ccc3[N-]S(=O)(=O)c1cccc2cccnc12)c4ccccc4
flor 40 hr,6.328660554,[Na+].[O-]C(=O)c1ccccc1S[Hg]CC
glo 40 hr,6.378660554,[Na+].[O-]C(=O)c1ccccc1S[Hg]CC
glo 40 hr,7.378660554,Cl.COc1cc(ccc1)C(=O)CCN[C@@H](C)[C@H](O)c2ccccc2
flor 40 hr,7.278660554,c3ccc4Sc5ccccc5N(CC2CN1CCC2CC1)c4c3
flor 40 hr,7.378660554,Cl.Cl.FC(F)(F)c2cc3N(CCCN1CCN(C)CC1)c4ccccc4Sc3cc2
flor 40 hr,7.289896549,Cc2cc(/N=N/c1ccccc1C)ccc2N
flor 40 hr,7.639896549,Oc1ccc(cc1)C(C)CC
flor 40 hr,7.328660554,C[C@]32CC[C@@H]1[C@H]4CCCC=C4CC[C@H]1[C@@H]3CC[C@]2(O)C#C
glo 40 hr,7.378660554,C[C@]32CC[C@@H]1[C@H]4CCCC=C4CC[C@H]1[C@@H]3CC[C@]2(O)C#C
glo 40 hr,7.328660554,c3ccc4Sc5ccccc5N(CC2CN1CCC2CC1)c4c3
flor 40 hr,7.178660554,[Cl-].O.O.C[N+](C)(Cc1ccccc1)CCCCCCCCCCCCCC
glo 40 hr,6.978660554,[Cl-].O.O.C[N+](C)(Cc1ccccc1)CCCCCCCCCCCCCC
flor 40 hr,7.378660554,Oc1cc2cc(nc2cc1)c4nn(c3ncnc(N)c34)C(C)C
flor 40 hr,7.641896414,Cl.CCC(=O)C(CC(C)N(C)C)(c1ccccc1)c2ccccc2
flor 40 hr,7.328660554,O=C(COc1ccc(CCC)cc1OC)N2CCN(CC2)C(=O)COc3ccc(CCC)cc3OC
flor 40 hr,7.128660554,N#C/C(C#N)=N\Nc1ccc(cc1)C2=NNC(=O)C[C@H]2C
flor 40 hr,7.743641349,O=C(O)C(O)(CC(=O)O)CC(=O)O.CN(C)CCOc1ccc(cc1)/C(c2ccccc2)=C(/CC)c3ccccc3
glo 40 hr,7.293641349,O=C(O)C(O)(CC(=O)O)CC(=O)O.CN(C)CCOc1ccc(cc1)/C(c2ccccc2)=C(/CC)c3ccccc3
flor 40 hr,7.378660554,Cl.Clc1ccc(cc1)CC3=NN(C(=O)c2ccccc23)C4CCCN(C)CC4
flor 40 hr,7.428660554,[O-][N+](=O)O.Clc3ccc(C(=N\OCc1ccc(Cl)cc1Cl)\Cn2ccnc2)c(Cl)c3
flor 40 hr,7.378660554,Cl.CCCCN(CCCC)CCC(O)c2cc1c(Cl)cc(Cl)cc1c3cc(ccc23)C(F)(F)F
glo 40 hr,7.378660554,Cl.CCCCN(CCCC)CCC(O)c2cc1c(Cl)cc(Cl)cc1c3cc(ccc23)C(F)(F)F
flor 40 hr,7.178660554,Cl.FC(F)(F)c3cccc(CCCN[C@H](C)c2cccc1ccccc12)c3
glo 40 hr,7.178660554,Cl.FC(F)(F)c3cccc(CCCN[C@H](C)c2cccc1ccccc12)c3
flor 40 hr,7.378660554,CN(C)CCOC1=Cc3ccccc3Sc2ccc(Cl)cc12
flor 40 hr,6.978660554,CCCCN(CCCC)CCCOc1ccc(cc1)C(=O)c2c3cc(ccc3oc2CCCC)NS(C)(=O)=O
glo 40 hr,6.978660554,CCCCN(CCCC)CCCOc1ccc(cc1)C(=O)c2c3cc(ccc3oc2CCCC)NS(C)(=O)=O
flor 40 hr,7.387019302,Cl.CC(C)(C)[C@@](C)(O)[C@H]7C[C@]64CC[C@]7(OC)[C@@H]1Oc3c(O)ccc2C[C@H]6N(CC[C@]14c23)CC5CC5
glo 40 hr,7.687019302,Cl.CC(C)(C)[C@@](C)(O)[C@H]7C[C@]64CC[C@]7(OC)[C@@H]1Oc3c(O)ccc2C[C@H]6N(CC[C@]14c23)CC5CC5
flor 40 hr,7.010439459,Cl.Clc1ccc(s1)c5onc(Cn3c4ccc(cc4cc3C(=O)NC2CCN(CC2)C(C)C)C(=O)O[C@@H](C)OC(=O)OCC)c5
glo 40 hr,7.010439459,Cl.Clc1ccc(s1)c5onc(Cn3c4ccc(cc4cc3C(=O)NC2CCN(CC2)C(C)C)C(=O)O[C@@H](C)OC(=O)OCC)c5
flor 40 hr,7.378660554,O=C(O)c1ccc(cc1)C(=C)c2cc3c(cc2C)C(C)(C)CCC3(C)C
glo 40 hr,7.378660554,O=C(OC)C1=C(C)NC(COC(N)=O)=C(C1c2cccc(Cl)c2Cl)C(=O)OC(C)C
flor 40 hr,4.578660557,Brc3ccc(Nc1c(F)c2ncn(C)c2cc1C(=O)NOCCO)c(Cl)c3
glo 40 hr,5.828660554,Brc3ccc(Nc1c(F)c2ncn(C)c2cc1C(=O)NOCCO)c(Cl)c3
flor 40 hr,5.028660554,O=C(NOCC1CC1)c3ccc(F)c(F)c3Nc2ccc(I)cc2Cl
glo 40 hr,5.728660554,O=C(NOCC1CC1)c3ccc(F)c(F)c3Nc2ccc(I)cc2Cl
flor 40 hr,7.328660554,Cl.CN(C\C=C\c1ccccc1)Cc3cccc2ccccc23
flor 40 hr,7.378660554,Clc2ccc(/C=N/NC(=N)N\N=C/c1ccc(Cl)cc1)cc2
glo 40 hr,7.378660554,[I-].C[N+](C)(Cc1cccs1)CCOc2ccccc2
flor 40 hr,7.428660554,O=C1O[C@H]2[C@@H](OC(C)=O)C(=O)O[C@H]2[C@@H]1OC(C)=O
flor 40 hr,7.428660554,CC(C)Oc1ccc(cc1)NC(=O)N2CCN(CC2)c5ncnc4cc(OCCCN3CCCCC3)c(OC)cc45
flor 40 hr,6.978660554,CO.COc4cc(Nc3c(C#N)cnc2cc(OCCCN1CCN(C)CC1)c(OC)cc23)c(Cl)cc4Cl
glo 40 hr,7.378660554,CO.COc4cc(Nc3c(C#N)cnc2cc(OCCCN1CCN(C)CC1)c(OC)cc23)c(Cl)cc4Cl
flor 40 hr,5.378660553,Cl.CN4CC[C@H](c3c(O)cc(O)c1c3OC(=CC1=O)c2ccccc2Cl)[C@H](O)C4
flor 40 hr,7.310439459,Cl.O=C(N3CC(CCN1CCC(CC1)(C(=O)N(C)C)N2CCCCC2)(OCC3)c4ccc(Cl)c(Cl)c4)c5ccccc5
glo 40 hr,7.260439459,Cl.O=C(N3CC(CCN1CCC(CC1)(C(=O)N(C)C)N2CCCCC2)(OCC3)c4ccc(Cl)c(Cl)c4)c5ccccc5
flor 40 hr,7.378660554,Cl.CN3CCC(OC(=O)C(OCCC)(c1ccccc1)c2ccccc2)CC3
glo 40 hr,7.028660554,Fc1ccc(cc1Cl)Nc4ncnc3cc(OCCCN2CCOCC2)c(NC(=O)C=C)cc34
flor 40 hr,7.378660554,Fc1ccc(cc1)N2CCN(CC2)CCCC(=O)NC3c5ccccc5SCc4ccccc34
flor 40 hr,4.178660545,O=C(N[C@@H](Cc1ccccc1)C(=O)N[C@@H](CC(C)C)B(O)O)c2cnccn2
glo 40 hr,4.32866056,O=C(N[C@@H](Cc1ccccc1)C(=O)N[C@@H](CC(C)C)B(O)O)c2cnccn2
glo 40 hr,7.239896549,CCN(CC)CCNc1ccc(CNC=O)c2Sc3ccc(OC)cc3C(=O)c12
flor 40 hr,7.652139691,O=C(Nc3nc(c1cc(OC)c(Cl)cc1OC)c(CCC2CCCCC2)s3)c5cc4cc(C)cc(C)c4n5CC(=O)O.FC(F)(F)C(=O)O
glo 40 hr,7.602139691,O=C(Nc3nc(c1cc(OC)c(Cl)cc1OC)c(CCC2CCCCC2)s3)c5cc4cc(C)cc(C)c4n5CC(=O)O.FC(F)(F)C(=O)O
flor 40 hr,7.328660554,Cl.CCN(CC)CCOC(=O)C(c1ccccc1)C2CCCCC2
flor 40 hr,7.428660554,Cc4cccc(Cl)c4NC(=O)c3cnc(Nc1nc(C)nc(c1)N2CCN(CCO)CC2)s3
flor 40 hr,7.428660554,CCNC(=O)NCCCOc2cc(CN1CCCCC1)ccc2
flor 40 hr,7.328660554,CN1CCC(CC1)N(Cc2cccs2)c3ccccc3
flor 40 hr,7.689896549,CC(C)(C)c1cc(cc(c1O)C(C)(C)C)C(C)(C)C
flor 40 hr,6.928660554,Cl.Cl.CCCCC(CC)CNC(=N)NC(=N)NCCCCCCNC(=N)NC(=N)NCC(CC)CCCC
glo 40 hr,6.928660554,Cl.Cl.CCCCC(CC)CNC(=N)NC(=N)NCCCCCCNC(=N)NC(=N)NCC(CC)CCCC
flor 40 hr,6.878660554,OC[C@H]1OCC(O1)[N@@]2C=CC(N)=NC2=O
flor 40 hr,4.228660549,C[C@@]1(CO1)C(=O)[C@@H](NC(=O)[C@H](Cc2ccccc2)NC(=O)[C@H](CC(C)C)NC(=O)[C@H](CCc3ccccc3)NC(=O)CN4CCOCC4)CC(C)C
glo 40 hr,4.378660561,C[C@@]1(CO1)C(=O)[C@@H](NC(=O)[C@H](Cc2ccccc2)NC(=O)[C@H](CC(C)C)NC(=O)[C@H](CCc3ccccc3)NC(=O)CN4CCOCC4)CC(C)C
flor 40 hr,7.428660554,CC3CCCCN3CCCOC(=O)c2ccc(OC1CCCCC1)cc2
flor 40 hr,7.017424559,Nc1ccc2N=C3c4ccccc4C(=O)N3Cc2c1
flor 40 hr,7.328660554,CCCC(=O)OC[C@@H](OC(=O)CCC)[C@@H](OC(=O)CCC)[C@@H](OC(=O)CCC)CN2C3=NC(=O)NC(=O)C3=Nc1cc(C)c(C)cc12
flor 40 hr,7.378660554,Clc5ccc6CCc1ccccc1N(CCCN2CCC4(CC2)C(=O)NC3CCCCN34)c6c5
glo 40 hr,7.378660554,Clc5ccc6CCc1ccccc1N(CCCN2CCC4(CC2)C(=O)NC3CCCCN34)c6c5
flor 40 hr,7.328660554,CC[C@H]2C[C@H]3[C@@H]4CCC1=CC(=O)CC[C@@H]1[C@H]4CC[C@]3(C)[C@H]2O
flor 40 hr,6.028660554,CC(C)(C)O\N=C\c1c3CN4C(=O)C=5COC(=O)[C@](O)(CC)C=5C=C4c3nc2ccccc12
glo 40 hr,6.028660554,CC(C)(C)O\N=C\c1c3CN4C(=O)C=5COC(=O)[C@](O)(CC)C=5C=C4c3nc2ccccc12
flor 40 hr,7.128660554,Oc1cc(C)c(O)c2ccccc12
glo 40 hr,7.128660554,Oc1cc(C)c(O)c2ccccc12
flor 40 hr,7.389896549,CC(C)(c1ccc(O)cc1)c2ccccc2
flor 40 hr,7.389896549,Oc1cc(cc(O)c1O)C(=O)OCCCCCCCC
flor 40 hr,3.778660524,CC(C)(C)OC(=O)N[C@@H](c1ccccc1)[C@@H](O)C(=O)O[C@H]5C[C@@]6(O)[C@@H](OC(=O)c2ccccc2)[C@H]4[C@@](C)([C@@H](O)C[C@H]3OC[C@]34OC(C)=O)C(=O)[C@H](O)C(=C5C)C6(C)C
flor 40 hr,6.228660554,O=[N+]([O-])c2ccc(C=C/C(C=Cc1ccc(o1)[N+]([O-])=O)=N\NC(=N)N)o2
glo 40 hr,6.178660554,O=[N+]([O-])c2ccc(C=C/C(C=Cc1ccc(o1)[N+]([O-])=O)=N\NC(=N)N)o2
glo 40 hr,7.588086802,OCCN(CCCCCCCCCCCC)CCO
flor 40 hr,7.689896549,CC1=CC[C@H](CC1)[C@](O)(C)CC\C=C(/C)C
flor 40 hr,7.189683963,C(N(Cc1ccccc1)Cc2ccccc2)c3ccccc3
flor 40 hr,7.639949682,Cl.Cl.Cc1cc(ccc1N)c2ccc(N)c(C)c2
flor 40 hr,7.689896549,ClCC(=O)N([C@@H](C)COC)c1c(C)cccc1CC
flor 40 hr,7.339896549,C[Si](CCCOCCCCCCCCOC)(O[Si](C)(C)C)O[Si](C)(C)C
flor 40 hr,6.789896549,[Hg+2].[I-].[I-]
glo 40 hr,7.089896549,[Hg+2].[I-].[I-]
flor 40 hr,7.289896549,Oc1c(cccc1C(C)CC)C(C)CC
flor 40 hr,7.139896549,OCCN(CCCCCCCCCCCCCC)CCO
glo 40 hr,7.239896549,OCCN(CCCCCCCCCCCCCC)CCO
flor 40 hr,7.589896549,Cc2cc(Nc1ccccc1)ccc2
glo 40 hr,7.089896549,[Cl-].CN(C)c1ccc2nc3ccc(cc3[s+]c2c1)N(C)C
flor 40 hr,7.039896549,[Br-].CCCCCCCCCCCCCC[n+]1ccccc1
glo 40 hr,6.989896549,[Br-].CCCCCCCCCCCCCC[n+]1ccccc1
flor 40 hr,7.589896549,[Br-].C[N+](C)(C)CCCCCCCCCCCC
glo 40 hr,7.639896549,[Br-].C[N+](C)(C)CCCCCCCCCCCC
flor 40 hr,6.139896549,CN(C)C(=S)SC(=S)N(C)C
glo 40 hr,6.139896549,CN(C)C(=S)SC(=S)N(C)C
flor 40 hr,5.389949681,Cl.Nc1ccc(OC)cc1
flor 40 hr,7.689896549,Oc1ccc(cc1)C(=O)OCc2ccccc2
flor 40 hr,7.539896549,Clc1cc(cnc1Cl)C(Cl)(Cl)Cl
glo 40 hr,6.989896549,CCOCn1c(c(C#N)c(Br)c1C(F)(F)F)c2ccc(Cl)cc2
flor 40 hr,7.184663076,O=C(OCC(COCC(CO)(COC(=O)C=C)COC(=O)C=C)(COC(=O)C=C)COC(=O)C=C)C=C
glo 40 hr,6.634663076,O=C(OCC(COCC(CO)(COC(=O)C=C)COC(=O)C=C)(COC(=O)C=C)COC(=O)C=C)C=C
flor 40 hr,7.589896549,OC(c1ccc(Cl)cc1)(c2ccc(Cl)cc2)C(=O)OC(C)C
flor 40 hr,7.689896549,OC(C)(c1ccc(Cl)cc1)c2ccc(Cl)cc2
flor 40 hr,6.743898492,O=C(O)C(O)(CC(=O)O)CC(=O)O.Oc1cccc2cccnc12
glo 40 hr,6.743898492,O=C(O)C(O)(CC(=O)O)CC(=O)O.Oc1cccc2cccnc12
flor 40 hr,7.739896549,O=C2CCCCCN2SSN1CCCCCC1=O
glo 40 hr,7.639896549,[Cl-].O=C(O)c4ccccc4c1c3ccc(cc3[o+]c2cc(ccc12)N(CC)CC)N(CC)CC
flor 40 hr,6.839896549,CN(C)S(=O)(=O)N(SC(Cl)(Cl)F)c1ccc(C)cc1
glo 40 hr,7.739896549,Clc1c(Cl)c(nc(Cl)c1Cl)C(Cl)(Cl)Cl
flor 40 hr,7.389896549,CC(C)(C)c1cc(c(C)cc1O)C(C)(C)C
glo 40 hr,7.689896549,CC(C)(C)c1cc(c(C)cc1O)C(C)(C)C
flor 40 hr,7.689896549,Oc2ccc(Cl)cc2C(=O)Nc1ccccc1
glo 40 hr,7.689896549,Oc2ccc(Cl)cc2C(=O)Nc1ccccc1
flor 40 hr,7.739896549,Clc1cc(ccc1OP(=O)(NC)OC)C(C)(C)C
flor 40 hr,7.739896549,Clc1ccc(O)c(c1)C2CCCC2
flor 40 hr,7.689923115,Nc1ccc(CCCCC)cc1
glo 40 hr,6.989896549,CN(C)S(=O)(=O)N(SC(Cl)(Cl)F)c1ccc(C)cc1
glo 40 hr,7.689896549,[Na+].Oc1ccc(cc1)C3(OS(=O)(=O)c2ccccc23)c4ccc([O-])cc4
flor 40 hr,7.289896549,Fc1ccc(cc1)C(CCCN2CCC(CC2)N3c4ccccc4NC3=O)c5ccc(F)cc5
glo 40 hr,7.489896549,Fc1ccc(cc1)C(CCCN2CCC(CC2)N3c4ccccc4NC3=O)c5ccc(F)cc5
flor 40 hr,7.589896549,[O-][N+](=O)c4ccc(O)c2c4C(=O)c1c(ccc(O)c1C2=O)Nc3ccc(CCO)cc3
flor 40 hr,7.689896549,O=C(O)c1ccc(cc1)C(=C)c2cc3c(cc2C)C(C)(C)CCC3(C)C
flor 40 hr,7.31234197,CCCCCCCCCc1ccc(OCCOCCO)cc1
glo 40 hr,7.039896549,N#CC=1SC3=C(SC=1C#N)C(=O)c2ccccc2C3=O
flor 40 hr,7.689896549,Cc1cc(O)c(Cl)cc1C
glo 40 hr,7.139896549,I.I.NCCN
flor 40 hr,7.639896549,CCN2CCCC2CNC(=O)c1cc(ccc1OC)S(N)(=O)=O
glo 40 hr,7.739896549,c2cc(OCC1CO1)ccc2C(c4ccc(OCC3CO3)cc4)c6ccc(OCC5CO5)cc6
flor 40 hr,6.989896549,ClC=1SN(CCCCCCCC)C(=O)C=1Cl
glo 40 hr,6.839896549,ClC=1SN(CCCCCCCC)C(=O)C=1Cl
flor 40 hr,7.589896549,CC(=O)c1cc2c(cc1C)C(C)(C)C(C)CC2(C)C
flor 40 hr,6.687286382,Cl[Bi](Cl)(c1ccccc1)(c2ccccc2)c3ccccc3
glo 40 hr,6.887286382,Cl[Bi](Cl)(c1ccccc1)(c2ccccc2)c3ccccc3
flor 40 hr,7.739896549,Cc2oncc2C(=O)Nc1ccc(cc1)C(F)(F)F
glo 40 hr,7.473695761,[Na+].[Na+].[O-]C(=O)c4ccccc4C=2c3cc(I)c([O-])c(I)c3OC=1C=2C=C(I)C(=O)C=1I
flor 40 hr,7.289896549,OC(=O)c1ccc([Hg]Cl)cc1
glo 40 hr,7.389896549,OC(=O)c1ccc([Hg]Cl)cc1
glo 40 hr,7.089896549,Clc2ccc(NC(=O)c1cc(Cl)cc(Cl)c1O)cc2Cl
flor 40 hr,7.789896549,Oc1ccc(cc1)C4(c2ccccc2c3ccccc34)c5ccc(O)cc5
flor 40 hr,7.389896549,O=C2c1ccccc1C(=O)c3c2c(O)ccc3O
flor 40 hr,7.511302104,O=C(O)C(O)(CC(=O)O)CC(=O)O.CN(C)CCOc1ccc(cc1)/C(c2ccccc2)=C(/CCCl)c3ccccc3
glo 40 hr,7.611302104,O=C(O)C(O)(CC(=O)O)CC(=O)O.CN(C)CCOc1ccc(cc1)/C(c2ccccc2)=C(/CCCl)c3ccccc3
flor 40 hr,7.689896549,O=C(OC(C)COC(C)COC(C)COC(=O)C=C)C=C
flor 40 hr,7.137286382,[Cl-].CC(C)(C)CC(C)(C)c2ccc(OCCOCC[N+](C)(C)Cc1ccccc1)cc2C
flor 40 hr,7.689896549,Nc1ccc(CCCCCC)cc1
glo 40 hr,7.589896549,I[Na]
flor 40 hr,7.089896549,I/C(I)=C(/I)I
glo 40 hr,5.539896549,I/C(I)=C(/I)I
flor 40 hr,5.639896549,O=[As]c1ccccc1
glo 40 hr,5.539896549,O=[As]c1ccccc1
flor 40 hr,7.339896549,C=CC(=O)OCCN1C(=O)N(CCOC(=O)C=C)C(=O)N(CCOC(=O)C=C)C1=O
glo 40 hr,7.289896549,C=CC(=O)OCCN1C(=O)N(CCOC(=O)C=C)C(=O)N(CCOC(=O)C=C)C1=O
flor 40 hr,7.639896549,OC1CC(CCC1)C2CC3CC2C(C)C3(C)C
glo 40 hr,7.689896549,Oc2ccc(CC(C)C(C)Cc1ccc(O)c(O)c1)cc2O
glo 40 hr,7.087286382,[Cl-].CC(C)(C)CC(C)(C)c2ccc(OCCOCC[N+](C)(C)Cc1ccccc1)cc2C
glo 40 hr,7.689896549,O=C(Oc1c(cc(cc1[N+]([O-])=O)[N+]([O-])=O)C(C)CC)\C=C(/C)C
flor 40 hr,6.189896549,O=C(OC)Nc1nc2cc(ccc2n1)Sc3ccccc3
flor 40 hr,7.289896549,[Cl-].CO[Si](CCC[N+](C)(CCCCCCCCCC)CCCCCCCCCC)(OC)OC
glo 40 hr,7.639896549,[Cl-].CO[Si](CCC[N+](C)(CCCCCCCCCC)CCCCCCCCCC)(OC)OC
flor 40 hr,7.389896549,O=C1CCCCCCCCCCC(=O)OCCO1
glo 40 hr,7.589896549,CN(C)CCCNC(=O)CCCCCCCCCCC
flor 40 hr,7.589896549,C=CC(=O)OCC2CCC3C1CC(CC1COC(=O)C=C)C23
flor 40 hr,7.687286382,Cl.CC=2NC(C)=C(C(C=2C(=O)OCCN(C)Cc1ccccc1)c3cccc(c3)[N+]([O-])=O)C(=O)OC
glo 40 hr,7.637286382,Cl.CC=2NC(C)=C(C(C=2C(=O)OCCN(C)Cc1ccccc1)c3cccc(c3)[N+]([O-])=O)C(=O)OC
flor 40 hr,7.439896549,[Na+].[Na+].[O-]S(=O)(=O)c1ccc(cc1)/N=N/c2ccc(cc2)/N=N/c3c(O)c4ccc(cc4cc3S([O-])(=O)=O)NC(=O)c5ccccc5
flor 40 hr,7.589896549,O=C(Oc1c(cc(cc1[N+]([O-])=O)[N+]([O-])=O)CCCCCC(C)C)\C=C\C
glo 40 hr,7.639896549,O=C(Oc1c(cc(cc1[N+]([O-])=O)[N+]([O-])=O)CCCCCC(C)C)\C=C\C
flor 40 hr,7.089896549,Clc1cc(N\N=C(/C#N)C#N)ccc1
glo 40 hr,7.289896549,Clc1cc(N\N=C(/C#N)C#N)ccc1
flor 40 hr,7.339896549,O=C(C=C)OCC(COC(=O)C=C)(COC(=O)C=C)COC(=O)C=C
glo 40 hr,6.739896549,O=C(C=C)OCC(COC(=O)C=C)(COC(=O)C=C)COC(=O)C=C
flor 40 hr,7.739896549,CNC(=S)NC
glo 40 hr,7.639896549,Cl.CN(C)CCCN2c3ccccc3CCc1ccc(Cl)cc12
flor 40 hr,7.689896549,c1ccccc1[Hg]c2ccccc2
glo 40 hr,7.339896549,Oc1c(cc(Br)cc1Br)C(=O)Nc2cc(ccc2)C(F)(F)F
flor 40 hr,6.189896549,[Hg+2].[O-]C(C)=O.[O-]C(C)=O
glo 40 hr,6.389896549,[Hg+2].[O-]C(C)=O.[O-]C(C)=O
flor 40 hr,7.689896549,Oc1cc(c(O)cc1C(C)(C)CC)C(C)(C)CC
flor 40 hr,7.587286382,BrC2CC(Cn1cncn1)(OC2)c3ccc(Cl)cc3Cl
glo 40 hr,6.789896549,ClC1(Cl)CS(=O)(=O)CC1(Cl)Cl
flor 40 hr,7.287286382,[Cl-].CC/[N+](CC)=C1/C=C/C(C=C1)=C(\c3ccc(NCC)c2ccccc23)c4ccc(cc4)N(CC)CC
glo 40 hr,7.287286382,[Cl-].CC/[N+](CC)=C1/C=C/C(C=C1)=C(\c3ccc(NCC)c2ccccc23)c4ccc(cc4)N(CC)CC
flor 40 hr,7.039896549,CC(=O)O.CC(C)c2cc3CC[C@@H]1[C@](C)(CCC[C@@]1(C)CN)c3cc2
glo 40 hr,7.039896549,CC(=O)O.CC(C)c2cc3CC[C@@H]1[C@](C)(CCC[C@@]1(C)CN)c3cc2
flor 40 hr,7.147575037,[Cl-].C[N+](C)(Cc1ccccc1)CCCCCCCCCCCCCCCC
glo 40 hr,7.097575037,[Cl-].C[N+](C)(Cc1ccccc1)CCCCCCCCCCCCCCCC
flor 40 hr,6.889896549,O=C1C=CC(=O)N1c2ccc(cc2)Cc3ccc(cc3)N4C(=O)C=CC4=O
glo 40 hr,7.189896549,O=C1C=CC(=O)N1c2ccc(cc2)Cc3ccc(cc3)N4C(=O)C=CC4=O
flor 40 hr,7.439896549,CC(C)c1cc(ccc1O)C(C)C
glo 40 hr,6.439896549,CC(O)C(=O)O[Hg]c1ccccc1
flor 40 hr,7.639896549,O=[N+]([O-])C1(Br)COCOC1
glo 40 hr,7.689896549,O=[N+]([O-])C1(Br)COCOC1
flor 40 hr,7.389896549,Clc1c(Cl)c(C#N)nc(Cl)c1Cl
glo 40 hr,7.239896549,Clc1c(Cl)c(C#N)nc(Cl)c1Cl
flor 40 hr,7.189896549,Cl.CC(C)NC(=O)c1ccc(CNNC)cc1
glo 40 hr,7.639896549,Brc1cc(C)c(NC(=O)CCl)cc1
flor 40 hr,7.139896549,N#CSc1ccc(cc1[N+]([O-])=O)[N+]([O-])=O
glo 40 hr,7.189896549,N#CSc1ccc(cc1[N+]([O-])=O)[N+]([O-])=O
flor 40 hr,7.189418109,[Br-].C[N+](C)(C)CCCCCCCCCCCCCC
glo 40 hr,7.239418109,[Br-].C[N+](C)(C)CCCCCCCCCCCCCC
flor 40 hr,7.139896549,[Cl-].CCCCCCCC[N+](C)(CCCCCCCC)CCCCCCCC
glo 40 hr,6.939896549,[Cl-].CCCCCCCC[N+](C)(CCCCCCCC)CCCCCCCC
flor 40 hr,5.839896549,F[Sn](c1ccccc1)(c2ccccc2)c3ccccc3
glo 40 hr,5.339896549,F[Sn](c1ccccc1)(c2ccccc2)c3ccccc3
flor 40 hr,6.889896549,Cl[Au](Cl)Cl
glo 40 hr,6.939896549,Cl[Au](Cl)Cl
flor 40 hr,7.290162159,FCC(=O)O
flor 40 hr,7.339896549,O=C(OCC)Cc2cccc1ccccc12
flor 40 hr,7.739896549,Cl.CN(C)CCCN2c3ccccc3CCc1ccccc12
flor 40 hr,6.189896549,[K+].N#C[Au-]C#N
glo 40 hr,6.189896549,[K+].N#C[Au-]C#N
flor 40 hr,6.623798795,[Ca+2].O[C@H](CCn1c(c(c(c1C(C)C)C(=O)Nc2ccccc2)c3ccccc3)c4ccc(F)cc4)C[C@@H](O)CC([O-])=O.[O-]C(=O)C[C@H](O)C[C@H](O)CCn4c(c1ccc(F)cc1)c(c2ccccc2)c(C(=O)Nc3ccccc3)c4C(C)C
flor 40 hr,7.639896549,N=C1NC(=N)c2ccccc12
glo 40 hr,7.639896549,N=C1NC(=N)c2ccccc12
glo 40 hr,7.094952569,Ic4c5Oc1c(I)c(O)c(I)cc1C3(OC(=O)c2ccccc23)c5cc(I)c4O
flor 40 hr,7.789896549,O=C(O)C(CCCCCCCC)CCCCCC
flor 40 hr,7.739896549,Oc4cc5CC[C@@H]1[C@H](CC[C@]2(C)[C@H](CC[C@@H]12)OC(=O)CCC3CCCC3)c5cc4
flor 40 hr,7.339896549,CC1=CCC(CC1)C(O)(C)C
flor 40 hr,6.789896549,Br[Sn](CC)(CC)CC
glo 40 hr,6.339896549,Br[Sn](CC)(CC)CC
glo 40 hr,5.589896548,CCCC[Sn](CCCC)(OC(=O)C=C)CCCC
flor 40 hr,7.639896549,C=C(C)C(=O)OCC(O)COc1ccc(cc1)C(C)(C)c2ccc(OCC(O)COC(=O)C(=C)C)cc2
glo 40 hr,7.389896549,C=C(C)C(=O)OCC(O)COc1ccc(cc1)C(C)(C)c2ccc(OCC(O)COC(=O)C(=C)C)cc2
flor 40 hr,7.339896549,Oc1ccccc1C(=O)OCC/C=C\CC
flor 40 hr,7.389896549,O=C(O)c2cc(O)c1ccccc1c2O
glo 40 hr,7.339896549,O=C(O)c2cc(O)c1ccccc1c2O
flor 40 hr,7.233316973,[Na+].[Na+].O=S([O-])(=O)c3cc(ccc3C=Cc2ccc(/N=N/c1ccc(OCC)cc1)cc2S([O-])(=O)=O)/N=N/c4ccc(OCC)cc4
flor 40 hr,7.364923115,Oc1ccc(CCCCCCC)cc1
flor 40 hr,7.131486779,[Cl-].C[N+](C)(Cc1ccccc1)CCCCCCCCCCCC
glo 40 hr,6.931486779,[Cl-].C[N+](C)(Cc1ccccc1)CCCCCCCCCCCC
flor 40 hr,6.875081646,[Cl-].C[N+](C)(C)CCCCCCCCCCCCCC
glo 40 hr,6.875081646,[Cl-].C[N+](C)(C)CCCCCCCCCCCCCC
flor 40 hr,7.539896549,Oc1cc(C)c(Cl)cc1C(C)C
flor 40 hr,7.689896549,O=C2C[C@H](OC(=O)[C@@H]1[C@@H](/C=C(\C)C)C1(C)C)C(C)=C2CC=C
glo 40 hr,7.039896549,[O-][N+](=O)c2cc(c(Cl)c(c2Nc1ncc(cc1Cl)C(F)(F)F)[N+]([O-])=O)C(F)(F)F
flor 40 hr,7.639896549,O=C(N(CCOc1c(Cl)cc(Cl)cc1Cl)CCC)n2ccnc2
flor 40 hr,7.276000031,[Cl-].C[N+](C)(Cc1ccccc1)CCCCCCCCCCCC
glo 40 hr,7.226000031,[Cl-].C[N+](C)(Cc1ccccc1)CCCCCCCCCCCC
flor 40 hr,7.303447713,[Cl-].C[N+](C)(Cc1ccccc1)CCCCCCCCCCCCCCCC
glo 40 hr,7.153447712,[Cl-].C[N+](C)(Cc1ccccc1)CCCCCCCCCCCCCCCC
flor 40 hr,7.137919464,Clc2ccc(NC(=N)NC(=N)NCCCCCCNC(=N)NC(=N)Nc1ccc(Cl)cc1)cc2.CC(=O)O.CC(=O)O
glo 40 hr,7.137919464,Clc2ccc(NC(=N)NC(=N)NCCCCCCNC(=N)NC(=N)Nc1ccc(Cl)cc1)cc2.CC(=O)O.CC(=O)O
glo 40 hr,7.639896549,CC(C)c1cccc(C(C)C)c1N3C(=O)c2ccc(O)cc2C3=O
flor 40 hr,7.389896549,CC(C)(CC)C(=O)O[C@H]2C[C@@H](C)C=C3C=C[C@H](C)[C@H](CC[C@@H]1C[C@@H](O)CC(=O)O1)[C@@H]23
flor 40 hr,6.907095093,CC(C)Nc3ccc(NC(C)C)c2c3C(=O)c1ccccc1C2=O
flor 40 hr,7.689896549,O=C(NCCCC)OCC#CI
glo 40 hr,6.339896549,O=C(NCCCC)OCC#CI
flor 40 hr,7.639896549,O=NN(C)c1ccc(cc1)[N+]([O-])=O
flor 40 hr,7.689896549,Clc2cc(O)ccc2c1ccccc1
flor 40 hr,7.739896549,[Na+].[O-]S(=O)(=O)OCCOCCCCCCCCCCCC
flor 40 hr,7.389896549,CC(C)NC(=O)c1ccc(CNNC)cc1
flor 40 hr,7.539896549,CC(C)(C)c1ccc(C)cc1O
flor 40 hr,7.450785964,CC(CC)N(C)C(=O)c2cc1ccccc1c(n2)c3ccccc3Cl
flor 40 hr,6.989896549,[O-]C(=O)c1ccccc1.CO[C@H]1C[C@@H](O[C@@H](C)[C@@H]1[NH2+]C)O[C@@H]2[C@@H](OC)C[C@@H](O[C@H]2C)O[C@@H]3C(C)=CC[C@@H]6C[C@H](OC(=O)[C@@H]4C=C(C)[C@@H](O)[C@H]5OCC(=CC=C[C@@H]3C)[C@@]45O)C[C@@]7(O6)C=C[C@H](C)[C@H](O7)[C@@H](C)CC
glo 40 hr,6.989896549,[O-]C(=O)c1ccccc1.CO[C@H]1C[C@@H](O[C@@H](C)[C@@H]1[NH2+]C)O[C@@H]2[C@@H](OC)C[C@@H](O[C@H]2C)O[C@@H]3C(C)=CC[C@@H]6C[C@H](OC(=O)[C@@H]4C=C(C)[C@@H](O)[C@H]5OCC(=CC=C[C@@H]3C)[C@@]45O)C[C@@]7(O6)C=C[C@H](C)[C@H](O7)[C@@H](C)CC
flor 40 hr,7.139896549,[Br-].C[N+](C)(C)CCCCCCCCCCCCCCCC
glo 40 hr,7.389896549,[Br-].C[N+](C)(C)CCCCCCCCCCCCCCCC
glo 40 hr,7.639896549,CN(C)c1ccc(cc1)[C@H]5C[C@@]2(C)[C@@H](CC[C@@]2(O)C#CC)[C@@H]4CCC3=CC(=O)CCC3=C45
flor 40 hr,7.689896549,Cl.Oc1ccc(cc1)c3sc2cc(O)ccc2c3C(=O)c5ccc(OCCN4CCCCC4)cc5
glo 40 hr,7.739896549,Cl.Oc1ccc(cc1)c3sc2cc(O)ccc2c3C(=O)c5ccc(OCCN4CCCCC4)cc5
flor 40 hr,7.639667049,O=C(OC1CCCCC1)OC(C)OC(=O)c5cccc6nc(OCC)n(Cc2ccc(cc2)c3ccccc3c4nnnn4)c56
flor 40 hr,7.249049404,O=C(O)C(O)(CC(=O)O)CC(=O)O.CCN(CCOc1ccc(cc1)C(c2ccccc2)=C(Cl)c3ccccc3)CC
glo 40 hr,7.249049404,O=C(O)C(O)(CC(=O)O)CC(=O)O.CCN(CCOc1ccc(cc1)C(c2ccccc2)=C(Cl)c3ccccc3)CC
flor 40 hr,7.589896549,[Na+].[Na+].Cc3cc(/N=N/c1c2ccc(cc2ccc1O)S([O-])(=O)=O)c(cc3S(=O)([O-])=O)OC
glo 40 hr,7.539896549,[Cu]I
flor 40 hr,7.739896549,CN(SN(C)C(=O)O\N=C(/C)SC)C(=O)O\N=C(/C)SC
flor 40 hr,7.038885994,S=C1SCN(C)CN1C
glo 40 hr,7.088885994,S=C1SCN(C)CN1C
flor 40 hr,7.493430076,Cl.CCN(CC)CCOc1c(I)cc(cc1I)C(=O)c2c3ccccc3oc2CCCC
glo 40 hr,7.593430075,Cl.CCN(CC)CCOc1c(I)cc(cc1I)C(=O)c2c3ccccc3oc2CCCC
flor 40 hr,7.639896549,OC(c1ccc(Cl)cc1)(c2ccc(Cl)cc2)C(=O)OCC
flor 40 hr,7.139896549,NS(=O)(=O)c1ccc2c(c1)[C@H](CC[C@H]2c3ccc(Cl)c(Cl)c3)NC
glo 40 hr,7.339896549,NS(=O)(=O)c1ccc2c(c1)[C@H](CC[C@H]2c3ccc(Cl)c(Cl)c3)NC
flor 40 hr,7.689896549,Clc2ccc(Oc1ccc(F)cc1CNC)cc2Cl
flor 40 hr,7.389896549,Clc3ccc(CCC(Cn1cncn1)(C#N)c2ccccc2)cc3
glo 40 hr,7.689896549,Clc3ccc(CCC(Cn1cncn1)(C#N)c2ccccc2)cc3
flor 40 hr,7.539896549,Cl.CNCCCC24CCC(c1ccccc12)c3ccccc34
glo 40 hr,7.589896549,Cl.CNCCCC24CCC(c1ccccc12)c3ccccc34
flor 40 hr,7.687286382,FC(F)C(F)(F)OCC(Cn1cncn1)c2ccc(Cl)cc2Cl
flor 40 hr,7.235735408,N#CSCSC#N
glo 40 hr,7.335735408,N#CSCSC#N
glo 40 hr,7.689896549,O=C2C=C(C)C(=O)c1ccccc12
flor 40 hr,7.589896549,S=P(Oc1ccccc1C(=O)OC(C)C)(NC(C)C)OCC
flor 40 hr,7.589896549,O=C4CC1(CCCC1)CC(=O)N4CCCCN2CCN(CC2)c3ncccn3
flor 40 hr,7.639896549,[Na+].[Na+].O=S([O-])(=O)c3ccc(/N=N/c1c2ccc(cc2ccc1O)S([O-])(=O)=O)cc3
flor 40 hr,7.589896549,Oc1cc(O)ccc1CCCCCC
flor 40 hr,7.428660554,CC4=C5C[C@@H]1[C@@]6(C)CC[C@H](O)CC6=CC[C@H]1[C@@H]5CC[C@@]24O[C@@H]3C[C@H](C)CN[C@H]3[C@H]2C
glo 40 hr,7.339896549,CN1CCN(CC1)c4ccccc4/C=C3\SCCN(c2cc(Cl)c(Cl)cc2)C3=O
flor 40 hr,7.739683963,ClC2=C(Cl)C3(Cl)C1COS(=O)OCC1C2(Cl)C3(Cl)Cl
flor 40 hr,7.589896549,Clc1ccc(cc1)C(CO)c2ccc(Cl)cc2
glo 40 hr,6.539896549,Clc1c(C#N)c(Cl)c(C#N)c(Cl)c1Cl
flor 40 hr,7.639683963,Cc2ccc(/N=C/N(C)/C=N/c1ccc(C)cc1C)c(C)c2
flor 40 hr,7.689896549,Cc1cc(O)c(Cl)c(C)c1Cl
flor 40 hr,7.689896549,O=C2CC[C@H]3[C@@H]4CCC1=CC(=O)CC[C@]1(C)[C@H]4CC[C@]23C
glo 40 hr,6.889896549,[Cl-].C[N+](C)(CCCCCCCCCC)CCCCCCCCCC
flor 40 hr,7.389896549,Fc1ccc(cc1)C(=O)CCCN2CCC(O)(CC2)c3ccc(Cl)cc3
glo 40 hr,7.739896549,Fc1ccc(cc1)C(=O)CCCN2CCC(O)(CC2)c3ccc(Cl)cc3
flor 40 hr,5.114615714,O=C1C=CC(=O)NN1
flor 40 hr,7.389896549,Cc1cc(OP(=S)(OCC)OCC)nc(n1)C(C)C
flor 40 hr,6.589896549,ClC(Cl)C(Cl)(Cl)SN2C(=O)C1CC=CCC1C2=O
glo 40 hr,6.689896549,ClC(Cl)C(Cl)(Cl)SN2C(=O)C1CC=CCC1C2=O
flor 40 hr,7.639683963,FC(F)(F)c2cc(Cl)ccc2\N=C(/COCCC)n1ccnc1
flor 40 hr,7.689896549,O=C(OCCCCOC(=O)C=C)C=C
flor 40 hr,6.289896549,[Na+].[O-]C(=O)c1ccccc1S[Hg]CC
glo 40 hr,6.339896549,[Na+].[O-]C(=O)c1ccccc1S[Hg]CC
flor 40 hr,5.839896549,CCCC[Sn](Cl)(CCCC)CCCC
glo 40 hr,5.539896549,CCCC[Sn](Cl)(CCCC)CCCC
glo 40 hr,7.039896549,Clc2ccc(NC(=O)Nc1ccc(Cl)cc1)cc2Cl
flor 40 hr,7.202108081,Cl.CCCOc1sc(c(C)c1Br)C(=O)N2CCC(CC2)c3cc(CN)ccc3F
glo 40 hr,7.452108081,Cl.CCCOc1sc(c(C)c1Br)C(=O)N2CCC(CC2)c3cc(CN)ccc3F
glo 40 hr,7.489896549,O=C(O)[C@@H](N2Sc1ccccc1C2=O)[C@@H](C)CC
flor 40 hr,6.389896549,[Hg+2].[Cl-].[Cl-]
flor 40 hr,6.689896549,O=C4c1ccccc1C(=O)C4c2nc3ccccc3c(Br)c2O
glo 40 hr,7.039896549,CC(C)(C)c1ccc(cc1)OC2CCCCC2OS(=O)OCC#C
flor 40 hr,7.339896549,N#CSCSc1nc2ccccc2s1
glo 40 hr,7.389896549,N#CSCSc1nc2ccccc2s1
flor 40 hr,7.742493708,CC2(OC(=O)N(Nc1ccccc1)C2=O)c4ccc(Oc3ccccc3)cc4
flor 40 hr,7.739896549,Clc3cc4CCc1cccnc1C(=C2/CCN(CC2)C(=O)OCC)\c4cc3
glo 40 hr,5.289896548,CCCC[Sn](CCCC)(OC(=O)C(=C)C)CCCC
glo 40 hr,6.589896549,[Hg+2].[Cl-].[Cl-]
glo 40 hr,7.689896549,Clc1cc(NC(=O)OCC#CCCl)ccc1
flor 40 hr,7.089896549,O=C2C=CC(=O)N2c1ccccc1
flor 40 hr,6.339896549,Cl[Hg]c1ccccc1
glo 40 hr,6.489896549,Cl[Hg]c1ccccc1
flor 40 hr,7.692493708,Clc1cc(cc(Cl)c1C)C(=O)NC(C)(CC)C(=O)CCl
glo 40 hr,7.692493708,Clc1cc(cc(Cl)c1C)C(=O)NC(C)(CC)C(=O)CCl
flor 40 hr,7.436003147,O[C@@H]3C(C)=C[C@H]5C(=O)O[C@H]1C[C@H](O[C@]2(C1)CC[C@H](C)[C@@H](CC)O2)CC=C(C)C[C@@H](C)C=CC=C4CO[C@H]3[C@@]45O
glo 40 hr,7.636003147,O[C@@H]3C(C)=C[C@H]5C(=O)O[C@H]1C[C@H](O[C@]2(C1)CC[C@H](C)[C@@H](CC)O2)CC=C(C)C[C@@H](C)C=CC=C4CO[C@H]3[C@@]45O
flor 40 hr,7.689896549,O=P(OC)(OC)SCN1c2ncc(Cl)cc2OC1=O
flor 40 hr,7.089896549,ClC(Cl)(Cl)SN2C(=O)c1ccccc1C2=O
glo 40 hr,7.189896549,ClC(Cl)(Cl)SN2C(=O)c1ccccc1C2=O
flor 40 hr,7.389896549,N#CCCC(Br)(CBr)C#N
glo 40 hr,7.589896549,N#CCCC(Br)(CBr)C#N
flor 40 hr,7.21863974,[K+].FC(F)(C(F)(F)S([O-])(=O)=O)C(F)(F)C(F)(F)C(F)(F)C(F)(F)C(F)(F)C(F)(F)F
flor 40 hr,7.389896549,[O-]S(C)(=O)=O.FC(F)(F)c1cc(cc(c1)C(F)(F)F)C(=O)N(C)C[C@@H](CC[N+]23CCC(CC2)(CC3)C4CCCCC4)c5ccc(Cl)c(Cl)c5
glo 40 hr,7.339896549,[O-]S(C)(=O)=O.FC(F)(F)c1cc(cc(c1)C(F)(F)F)C(=O)N(C)C[C@@H](CC[N+]23CCC(CC2)(CC3)C4CCCCC4)c5ccc(Cl)c(Cl)c5
flor 40 hr,7.289896549,Oc3cc4CC[C@@H]2[C@H](CC[C@@]1(C)[C@H]2CC[C@@]1(O)C#C)c4cc3
glo 40 hr,7.039896549,O=C2C=CC(=O)N2c1ccccc1
glo 40 hr,7.707759251,O=C(\C=C\C=C/CCCCC)OCC
flor 40 hr,6.710439459,O[C@H](CCn1c(c(c(c1C(C)C)C(=O)Nc2ccccc2)c3ccccc3)c4ccc(F)cc4)C[C@@H](O)CC(=O)O
flor 40 hr,7.739896549,Clc1ccc(cc1)CC3CCC(C)(C)C3(O)Cn2cncn2
flor 40 hr,7.589896549,NC(=O)N(O)[C@@H]3C=C[C@H](Oc2cc(Oc1ccc(F)cc1)ccc2)C3
flor 40 hr,7.389896549,CN(C)CCOc1ccc(cc1)/C(c2ccccc2)=C(/CC)c3ccccc3
glo 40 hr,7.389896549,CN(C)CCOc1ccc(cc1)/C(c2ccccc2)=C(/CC)c3ccccc3
flor 40 hr,7.639896549,Oc1ccc(CCCCCCC(C)C)cc1
flor 40 hr,7.589896549,CC(C)(C)c1cc(ccc1O)CC
glo 40 hr,7.139896549,[O-][N+](=O)C=Cc1ccccc1
flor 40 hr,6.689896549,Clc2cc(ccc2NC(=O)c1cc(Cl)ccc1O)[N+]([O-])=O
glo 40 hr,6.489896549,Clc2cc(ccc2NC(=O)c1cc(Cl)ccc1O)[N+]([O-])=O
glo 40 hr,7.739896549,Oc1ccc(CCCCCCCCCCCC)cc1
flor 40 hr,7.039896549,[Na+].CN(C)C([S-])=S
glo 40 hr,6.989896549,[Na+].CN(C)C([S-])=S
flor 40 hr,6.289896549,CC(=O)O[Hg]c1ccccc1
glo 40 hr,6.289896549,CC(=O)O[Hg]c1ccccc1
flor 40 hr,7.089896549,[Cl-].C/[N+](C)=C1\C=C\C(C=C1)=C(/c2ccc(cc2)N(C)C)c3ccc(cc3)N(C)C
glo 40 hr,7.639896549,[Cl-].C/[N+](C)=C1\C=C\C(C=C1)=C(/c2ccc(cc2)N(C)C)c3ccc(cc3)N(C)C
flor 40 hr,7.689683963,OC(CCCC)(Cn1cncn1)c2ccc(Cl)cc2Cl
flor 40 hr,7.722837409,OC(\C(=C/c1ccc(Cl)cc1Cl)n2cncn2)C(C)(C)C
flor 40 hr,7.639896549,CC(C)(C)N2N=CC(SCc1ccc(cc1)C(C)(C)C)=C(Cl)C2=O
flor 40 hr,7.689896549,Clc1ccc2Oc4ccccc4N=C(c2c1)N3CCNCC3
glo 40 hr,7.739896549,Clc1ccc2Oc4ccccc4N=C(c2c1)N3CCNCC3
flor 40 hr,7.689896549,Oc1cc(cc([N+]([O-])=O)c1O)C(=O)c2ccc(C)cc2
flor 40 hr,7.039896549,O=C(OC)Nc1nc2ccccc2n1
flor 40 hr,7.539896549,[Na+].[O-]S(=O)(=O)OCCCCCCCCCCCCCC
flor 40 hr,5.339896549,O[Sn](c1ccccc1)(c2ccccc2)c3ccccc3
glo 40 hr,5.239896548,O[Sn](c1ccccc1)(c2ccccc2)c3ccccc3
glo 40 hr,6.989896549,CN(C)S(=O)(=O)N(SC(Cl)(Cl)F)c1ccccc1
flor 40 hr,7.685034789,COc1cc(cc(OC)c1O)[C@@H]5c2cc7OCOc7cc2C(O[C@@H]3O[C@@H]4CO[C@@H](C)O[C@H]4[C@H](O)[C@H]3O)C6COC(=O)[C@H]56
flor 40 hr,7.639896549,[Cl-].C[N+](C)(C)CCCCCCCCCCCC
glo 40 hr,7.689896549,[Cl-].C[N+](C)(C)CCCCCCCCCCCC
glo 40 hr,7.160320206,O=C1C=CSN1CCCCCCCC
glo 40 hr,7.339896549,O=C2NSc1ccccc12
flor 40 hr,7.689896549,C[Si](Cn1cncn1)(c2ccc(F)cc2)c3ccc(F)cc3
flor 40 hr,7.339896549,C/C(C)=C\CCC(C)=CCCC(C)(O)C=C
flor 40 hr,7.589896549,C[C@]32CC[C@@H]1[C@H]4CCCC=C4CC[C@H]1[C@@H]3CC[C@]2(O)C#C
glo 40 hr,7.689896549,C[C@]32CC[C@@H]1[C@H]4CCCC=C4CC[C@H]1[C@@H]3CC[C@]2(O)C#C
flor 40 hr,7.389896549,Cl.CN(C)CCCN1c3ccccc3Sc2ccc(Cl)cc12
glo 40 hr,7.489896549,Cl.CN(C)CCCN1c3ccccc3Sc2ccc(Cl)cc12
glo 40 hr,7.589896549,O=Cc1ccccc1C=O
flor 40 hr,5.728660554,[Zn+2].S=C([S-])N(C)C.CN(C)C([S-])=S
glo 40 hr,5.628660554,[Zn+2].S=C([S-])N(C)C.CN(C)C([S-])=S
glo 40 hr,7.039896549,Oc2cc3ccccc3c1ccccc12
flor 40 hr,7.738885994,[O-][N+](=O)c1cc(c(N)c([N+]([O-])=O)c1N(CCC)CCC)C(F)(F)F
flor 40 hr,7.389896549,C=C(C)[C@@H]2Oc3ccc1C(=O)[C@H]4c5cc(OC)c(OC)cc5OC[C@H]4Oc1c3C2
glo 40 hr,7.439896549,C=C(C)[C@@H]2Oc3ccc1C(=O)[C@H]4c5cc(OC)c(OC)cc5OC[C@H]4Oc1c3C2
flor 40 hr,7.239896549,O=C(O)C(Br)CCCCCCCCCCCCCC
flor 40 hr,5.439896549,CN(C)C(=S)SSC(=S)N(C)C
glo 40 hr,5.339896549,CN(C)C(=S)SSC(=S)N(C)C
flor 40 hr,7.039896549,O=C(OC)Nc2nc1ccccc1n2C(=O)NCCCC
glo 40 hr,7.689896549,CC=1NC(C)=C(C(C=1C(=O)OCC(C)C)c2ccccc2[N+]([O-])=O)C(=O)OC
flor 40 hr,7.239896549,O=C3C=C(Oc2ccc1ccccc1c23)c4ccccc4
glo 40 hr,7.389896549,[Na+].COc1ccc(cc1)C(=O)C(/Br)=C\C([O-])=O
flor 40 hr,7.689896549,Oc1cc2c3ccccc3Cc2cc1
flor 40 hr,7.689896549,O=C(O)C1(CCCC1)c2ccc5c(c2)OC[C@H](Cc3ccc(cc3)c4ccccc4)[C@H]5O
flor 40 hr,6.389896549,O=C(CCCCC(=O)OCC(CC)CCCC)OCC(CCCC)CC
glo 40 hr,7.389896549,Clc1ccccc1C(c2ccccc2)(c3ccccc3)n4ccnc4
flor 40 hr,7.689896549,NS(=O)(=O)c1ccc(cc1)n3nc(cc3c2ccc(C)cc2)C(F)(F)F
glo 40 hr,7.689896549,NS(=O)(=O)c1ccc(cc1)n3nc(cc3c2ccc(C)cc2)C(F)(F)F
flor 40 hr,7.639896549,[O-][N+](=O)O[Cd]O[N+]([O-])=O
flor 40 hr,6.589896549,[O-][N+](=O)c2cc(c(Cl)c(c2Nc1ncc(cc1Cl)C(F)(F)F)[N+]([O-])=O)C(F)(F)F
flor 40 hr,7.739896549,N=C2N=C3O[C@H]1[C@H](O)[C@@H](CO)O[C@H]1N3C=C2
flor 40 hr,7.328660554,[Ca+2].O=S([O-])(=O)c1ccc(cc1)C(CC)CCCCCCCCC.CCC(CCCCCCCCC)c1ccc(cc1)S([O-])(=O)=O
flor 40 hr,7.639896549,OCCSCCCCCCCC
flor 40 hr,7.639896549,[Na+].O=S(=O)([O-])C(CC(=O)OCC(CC)CCCC)C(=O)OCC(CC)CCCC
flor 40 hr,7.032835032,ClC(Cl)(Cl)SN2C(=O)C1CC=CCC1C2=O
glo 40 hr,7.282835032,ClC(Cl)(Cl)SN2C(=O)C1CC=CCC1C2=O
flor 40 hr,7.390533785,O=[Se](O)O
glo 40 hr,7.340533785,O=[Se](O)O
flor 40 hr,7.738246738,[O-][N+](=O)O.Clc3ccc(C(OCc1ccc(Cl)cc1)Cn2ccnc2)c(Cl)c3
glo 40 hr,7.688246738,[O-][N+](=O)O.Clc3ccc(C(OCc1ccc(Cl)cc1)Cn2ccnc2)c(Cl)c3
flor 40 hr,7.192969333,O=C(c1ccc(cc1O)OC)c2ccc(OC)cc2O
flor 40 hr,7.243444525,[Br-].CCCCCC[P+](CCCCCC)(CCCCCC)CCCCCCCCCCCCCC
glo 40 hr,7.343444525,[Br-].CCCCCC[P+](CCCCCC)(CCCCCC)CCCCCCCCCCCCCC
glo 40 hr,7.68893923,[O-][N+](=O)c1cc(c(O)c(c1)[N+]([O-])=O)C2CCCCC2
flor 40 hr,7.689949682,Oc1ccc(cc1)C(=O)OCCCCCCCC
glo 40 hr,6.793655583,ICC(N)=O
flor 40 hr,7.683696087,Oc1ccc(cc1)C(=O)OCCCCCCCCC
glo 40 hr,7.642652298,[I-].CCCC[N+]1(C)CCCC1
glo 40 hr,7.589949681,Cl.N=C1C=C/C(C=C1)=C(\c2ccc(N)cc2)c3ccc(N)cc3
glo 40 hr,7.538193431,O=C(Oc1ccccc1)Oc2ccccc2
flor 40 hr,7.115055931,[Br-].CCCCCCCCCCCC[N+](C)(C)CCOc1ccccc1
glo 40 hr,7.315055931,[Br-].CCCCCCCCCCCC[N+](C)(C)CCOc1ccccc1
flor 40 hr,7.294182852,[Cl-].C[N+](C)(Cc1ccccc1)CCCCCCCCCCCCCCCCCC
glo 40 hr,7.344182852,[Cl-].C[N+](C)(Cc1ccccc1)CCCCCCCCCCCCCCCCCC
flor 40 hr,7.495235794,CC(C)(C)c1cc(c(C)cc1O)C(CCC)c2cc(c(O)cc2C)C(C)(C)C
glo 40 hr,7.495235794,CC(C)(C)c1cc(c(C)cc1O)C(CCC)c2cc(c(O)cc2C)C(C)(C)C
flor 40 hr,7.188672996,F[P-](F)(F)(F)(F)F.CCCCCC[P+](CCCCCCCCCCCCCC)(CCCCCC)CCCCCC
glo 40 hr,7.038672996,F[P-](F)(F)(F)(F)F.CCCCCC[P+](CCCCCCCCCCCCCC)(CCCCCC)CCCCCC
flor 40 hr,7.395130596,Cc1cc(OCCCCCC)c(C)c(C)c1O
flor 40 hr,7.239949681,Cc1ccc(S)cc1
flor 40 hr,7.389949681,CC(C)C=3CC[C@H]1C(=CC[C@H]2[C@@](C)(CCC[C@]12C)C(=O)OC)C=3
flor 40 hr,7.439949682,O=C(c1ccccc1)C2CCC2
flor 40 hr,7.539258532,Oc1c(I)cc(Cl)c2cccnc12
glo 40 hr,7.549113285,[I-].C[n+]1ccn(CCCCCC)c1
flor 40 hr,7.639949682,Nc1cc(ccc1OC)NC(C)=O
flor 40 hr,7.563884532,Clc1cc(C(=CCl)OP(=O)(OC)OC)c(Cl)cc1Cl
glo 40 hr,7.199428792,Fc1ccc(cc1)Cn4c5ccccc5nc4NC3CCN(CCc2ccc(OC)cc2)CC3
flor 40 hr,7.407886134,O=C(OCCOCC(COCCOC(=O)C=C)(CC)COCCOC(=O)C=C)C=C
glo 40 hr,7.507886134,O=C(OCCOCC(COCCOC(=O)C=C)(CC)COCCOC(=O)C=C)C=C
flor 40 hr,7.68040566,CC(C)CN1CCC3(CC1)NC4=C2NC(=O)C(C)=CC=C[C@H](C)[C@H](O)[C@@H](C)[C@@H](O)[C@@H](C)[C@H](OC(C)=O)[C@H](C)[C@@H](OC)C=CO[C@@]6(C)Oc5c(C)c(O)c(C2=O)c(C4=N3)c5C6=O
flor 40 hr,7.18454583,O=C(O)/C=C/C(=O)O.Cc6occc6C(=O)Nc1ccc(cc1)C(=O)N5CCC(F)(F)C(=C\C(=O)N2CCC(CC2)N3CCCCC3)/c4ccccc45.O=C(\C=C2\c1ccccc1N(CCC2(F)F)C(=O)c3ccc(cc3)NC(=O)c4ccoc4C)N5CCC(CC5)N6CCCCC6
glo 40 hr,7.26234197,Cl.Cl.O.Oc3ccc4C[C@@H]1c2c(cccc2CCN1C)c4c3O.Oc3ccc2C[C@@H]1c4c(CCN1C)cccc4c2c3O
flor 40 hr,7.684287238,Oc1ccccc1CCCCCCCCCCCC
flor 40 hr,7.091964726,[Cl-].CCCCCC[P+](CCCCCC)(CCCCCC)CCCCCCCCCCCCCC
glo 40 hr,7.041964726,[Cl-].CCCCCC[P+](CCCCCC)(CCCCCC)CCCCCCCCCCCCCC
flor 40 hr,7.639949682,Cl.CN(C)CC\C=C1\c3ccccc3CCc2ccccc12
flor 40 hr,7.353917855,O[C@@H]9[C@@H](O)[C@H](O)[C@@H](CO)O[C@H]9O[C@H]8[C@@H](O)[C@@H](CO)O[C@@H](OC6CC[C@@]3(C)C(=CC[C@H]2[C@@H]4C[C@@H]1N5C[C@@H](C)CC[C@@H]5[C@@H](C)[C@@H]1[C@@]4(C)CC[C@@H]23)C6)[C@@H]8O[C@H]7O[C@@H](C)[C@H](O)[C@@H](O)[C@H]7O
flor 40 hr,7.68040566,Clc1ccc(cc1Cl)C(Cl)(Cl)Cl
glo 40 hr,7.24827735,CC(CC)Nc1ccc(NC(C)CC)cc1
flor 40 hr,7.691382224,[Cl-].C[N+](C)(C)CCCCCCCCCCCCCCCCCC
glo 40 hr,7.744920135,O=C(O)CCC(=O)Oc2c(C)c(C)c1O[C@@](C)(CCc1c2C)CCC[C@H](C)CCC[C@H](C)CCCC(C)C
glo 40 hr,7.739949682,Cl.CN(C)CC\C=C1\c3ccccc3CCc2ccccc12
flor 40 hr,7.739949682,Oc1ccc(cc1)C(c2ccc(O)cc2)(C(F)(F)F)C(F)(F)F
glo 40 hr,7.753917855,O[C@@H]9[C@@H](O)[C@H](O)[C@@H](CO)O[C@H]9O[C@H]8[C@@H](O)[C@@H](CO)O[C@@H](OC6CC[C@@]3(C)C(=CC[C@H]2[C@@H]4C[C@@H]1N5C[C@@H](C)CC[C@@H]5[C@@H](C)[C@@H]1[C@@]4(C)CC[C@@H]23)C6)[C@@H]8O[C@H]7O[C@@H](C)[C@H](O)[C@@H](O)[C@H]7O
flor 40 hr,7.190215264,[Ag+].[K+].[C-]#N.[C-]#N
glo 40 hr,7.390215264,[Ag+].[K+].[C-]#N.[C-]#N
flor 40 hr,7.659755195,[O-][N+](=O)O.Clc3ccc(C(OCc1ccc(Cl)cc1)Cn2ccnc2)c(Cl)c3
flor 40 hr,7.247020927,[O-][N+](=O)/C=C/c1ccccc1
glo 40 hr,7.322020927,[O-][N+](=O)/C=C/c1ccccc1
flor 40 hr,7.033964875,[Br-].CCCCCCCCCCCCCCCC[n+]1ccccc1
glo 40 hr,7.133964875,[Br-].CCCCCCCCCCCCCCCC[n+]1ccccc1
flor 40 hr,7.567094793,Oc2ccc(Oc1ccccc1)cc2
flor 40 hr,7.638832753,C\C=C4\C(=O)C[C@@H]3[C@]4(C)CC[C@H]2[C@H]3CCC1=CC(=O)CC[C@@]12C
flor 40 hr,7.539737118,NC(=O)CCCCCCC/C=C\CCCCCCCC
flor 40 hr,7.691647078,O=C(N)c1ccccc1C(N)=O
glo 40 hr,7.037232977,[Br-].CCCCCCCC[P+](CCCCCCCC)(CCCCCCCC)CCCCCCCC
flor 40 hr,7.529217093,Cl.Cc4ncnc4C[C@H]3CCc2c(C)c1ccccc1n2C3=O
glo 40 hr,7.629217093,Cl.Cc4ncnc4C[C@H]3CCc2c(C)c1ccccc1n2C3=O
flor 40 hr,5.393866555,O=C(C)O[Sn](CCCC)(OC(=O)C)CCCC
glo 40 hr,5.243866554,O=C(C)O[Sn](CCCC)(OC(=O)C)CCCC
flor 40 hr,7.684448344,Cl.FC(F)(F)c2ccc(OC(CCNC)c1ccccc1)cc2
flor 40 hr,7.591011202,Oc2c(Sc1cc(Cl)cc(Cl)c1O)cc(Cl)cc2Cl
glo 40 hr,6.689896549,Cl.Nc1cc2nc3cc(N)ccc3cc2cc1
flor 40 hr,7.13915212,C[N+](CCCCCCCC)(CCCCCCCC)CCCCCCCC.FC(F)(F)S([O-])(=O)=O
glo 40 hr,6.98915212,C[N+](CCCCCCCC)(CCCCCCCC)CCCCCCCC.FC(F)(F)S([O-])(=O)=O
flor 40 hr,7.352108082,CN5CCC(NC(=O)c4ccc(Nc1nc2N(CC(F)(F)C(=O)N(C)c2cn1)C3CCCC3)c(OC)c4)CC5
glo 40 hr,7.652108082,CN5CCC(NC(=O)c4ccc(Nc1nc2N(CC(F)(F)C(=O)N(C)c2cn1)C3CCCC3)c(OC)c4)CC5
flor 40 hr,7.389896549,C=CCO
flor 40 hr,7.589949681,[NH4+].[O-][N+]([O-])=O
glo 40 hr,7.539896549,[K+].[I-]
glo 40 hr,6.9810546,ICCc1ccccc1
glo 40 hr,7.345130596,[I-].CCCCn1cc[n+](C)c1C
flor 40 hr,7.339896549,Oc1ccccc1CCCCCCCCCCCC
glo 40 hr,7.689896549,Oc1ccccc1CCCCCCCCCCCC
flor 40 hr,7.189896549,[Cl-].CCCCCCCCCCCCCCCC[n+]1ccccc1
glo 40 hr,7.239896549,[Cl-].CCCCCCCCCCCCCCCC[n+]1ccccc1
flor 40 hr,7.589896549,II
glo 40 hr,6.739896549,II
flor 40 hr,7.433803618,O.[Cd+2].O.[O-]C(C)=O.[O-]C(C)=O
flor 40 hr,7.644446287,FC(F)(F)S(=O)(=O)[N-]S(=O)(=O)C(F)(F)F.C[n+]1ccn(CCCCCCCCCC)c1
glo 40 hr,7.484233524,Cl.O.Nc1c3ccccc3nc2ccccc12
flor 40 hr,7.804058797,OCCOCCCCCCCC/C=C\CCCCCCCC
flor 40 hr,7.691541153,Cl.Cl.COc4cc5CCN[C@H](C[C@H]1C[C@H]2c3cc(OC)c(OC)cc3CCN2C[C@@H]1CC)c5cc4OC
flor 40 hr,7.343338964,FC(F)(F)S(=O)(=O)[N-]S(=O)(=O)C(F)(F)F.C[n+]1ccn(CCCCCCCCCCCC)c1
glo 40 hr,7.193338964,FC(F)(F)S(=O)(=O)[N-]S(=O)(=O)C(F)(F)F.C[n+]1ccn(CCCCCCCCCCCC)c1
flor 40 hr,7.591594118,[Cl-].C[n+]1ccn(CCCCCCCCCCCC)c1
flor 40 hr,7.731864641,ClC2(Cl)[C@]1(Cl)C(Cl)[C@@](Cl)(C(=C)C1(C)C)C2(Cl)Cl
flor 40 hr,7.339896549,Cl.CCCCCCCCCCCCN
glo 40 hr,7.539896549,Cl.CCCCCCCCCCCCN
flor 40 hr,7.036217239,[Zn+2].S=C([S-])N(CC)CC.CCN(CC)C([S-])=S
glo 40 hr,7.036217239,[Zn+2].S=C([S-])N(CC)CC.CCN(CC)C([S-])=S
glo 40 hr,7.641594118,[Cl-].C[n+]1ccn(CCCCCCCCCCCC)c1
flor 40 hr,7.390055931,F[P-](F)(F)(F)(F)F.C[n+]1ccn(CCCCCCCCCCCC)c1
glo 40 hr,7.540055931,F[P-](F)(F)(F)(F)F.C[n+]1ccn(CCCCCCCCCCCC)c1
flor 40 hr,7.743919284,F[P-](F)(F)(F)(F)F.C[n+]1ccn(CC)c1
glo 40 hr,7.643919284,F[P-](F)(F)(F)(F)F.C[n+]1ccn(CC)c1
flor 40 hr,7.688885994,FC(F)(F)S(=O)(=O)[N-]S(=O)(=O)C(F)(F)F.C[N+](C)(C)CCO
flor 40 hr,7.600677834,[Na+].COC2=NN(C(=O)[N-]S(=O)(=O)c1ccccc1OC(F)(F)F)C(=O)N2C
flor 40 hr,7.639896549,O=C(NC(C)(C)CS(=O)(=O)O)C=C
flor 40 hr,7.243708333,[Na+].CCN(CC)C([S-])=S
flor 40 hr,7.63851319,BrC(Br)(Br)C=O
glo 40 hr,7.63851319,BrC(Br)(Br)C=O
flor 40 hr,7.699269874,[Cl-].C[n+]1ccn(CCCCCCCCCCCCCCCC)c1
flor 40 hr,7.290639916,FC(F)(F)S(=O)(=O)[N-]S(=O)(=O)C(F)(F)F.CCCCCCCC[N+](C)(CCCCCCCC)CCCCCCCC
glo 40 hr,7.190639916,FC(F)(F)S(=O)(=O)[N-]S(=O)(=O)C(F)(F)F.CCCCCCCC[N+](C)(CCCCCCCC)CCCCCCCC
glo 40 hr,7.388672996,CN(C)c1ccc(cc1)C3(OC(=O)c2cc(ccc23)N(C)C)c4ccc(cc4)N(C)C
flor 40 hr,7.589896549,Clc1cccc(Cl)c1C(=O)Nc3cccc2c3oc(C)c2C(C)(C)O
flor 40 hr,6.566754514,O=S(=O)(O)O.Oc1cccc2cccnc12.Oc1cccc2cccnc12
flor 40 hr,7.739896549,CCCCC(COP(O)(=O)OCC(CC)CCCC)CC
flor 40 hr,7.037286382,Clc2ccc(NC(=N)NC(=N)NCCCCCCNC(=N)NC(=N)Nc1ccc(Cl)cc1)cc2
glo 40 hr,7.087286382,Clc2ccc(NC(=N)NC(=N)NCCCCCCNC(=N)NC(=N)Nc1ccc(Cl)cc1)cc2
flor 40 hr,7.089896549,OCCN1CCN=C1CCCCCCC/C=C\CCCCCCCC
glo 40 hr,7.239896549,OCCN1CCN=C1CCCCCCC/C=C\CCCCCCCC
flor 40 hr,7.589896549,ClC1C(Cl)C(Cl)C(Cl)C(Cl)C1Cl
flor 40 hr,7.339418109,Oc1ccc(CCCC)cc1
flor 40 hr,7.589949681,c1nc2CCCCc2nc1
flor 40 hr,7.739896549,[Na+].O=C([N-]S(=O)(=O)/C=C/c1ccccc1)c2ccc(F)cc2Cl
flor 40 hr,7.689949682,O=Nc2ccc(Nc1ccccc1)cc2
flor 40 hr,7.689896549,Cl.CN(C)C(C)CN1c3ccccc3Sc2ccccc12
flor 40 hr,7.289896549,O=[N+]([O-])c1c(Cl)c(cc([N+]([O-])=O)c1Cl)C(F)(F)F
glo 40 hr,7.139896549,O=[N+]([O-])c1c(Cl)c(cc([N+]([O-])=O)c1Cl)C(F)(F)F
flor 40 hr,7.689949682,CCCC(=O)OCCc1ccccc1
flor 40 hr,7.639949682,O=C1CCCCCCCCCCCCCCCO1
flor 40 hr,7.439896549,Cc1ccc(C=O)s1
flor 40 hr,7.739949682,C=CC(=O)OCCCCCCOC(=O)C=C
flor 40 hr,7.632026499,O=C(OCC(COC(=O)C(=C)C)(CC)COC(=O)C(=C)C)C(=C)C
flor 40 hr,7.389949681,COC(=O)c1cccc(c1)C(=O)OC
flor 40 hr,7.589896549,O=S(=O)(Nc1nccs1)c2ccc(N)cc2
flor 40 hr,7.389896549,O=C3c1ccccc1C(=O)N3SC2CCCCC2
glo 40 hr,7.639896549,O=C3c1ccccc1C(=O)N3SC2CCCCC2
glo 40 hr,6.689896549,IC(I)I
flor 40 hr,7.039896549,CCCC[Sn](CCCC)(CCCC)CCCC
glo 40 hr,6.689896549,CCCC[Sn](CCCC)(CCCC)CCCC
flor 40 hr,7.639949682,Nc1cc(Cl)c(N)cc1.O=S(=O)(O)O
flor 40 hr,7.589949681,Cl.Cc1cc(Cl)ccc1N
flor 40 hr,7.739896549,Cc2occc2SSc1ccoc1C
flor 40 hr,7.639896549,CC(C)(c1cc(ccc1O)C(C)(C)c2ccccc2)c3ccccc3
glo 40 hr,7.689896549,CC(C)(c1cc(ccc1O)C(C)(C)c2ccccc2)c3ccccc3
flor 40 hr,7.689896549,FC(F)(F)Oc3cc(CN[C@H]1CCCN[C@H]1c2ccccc2)c(OC)cc3
glo 40 hr,7.739896549,FC(F)(F)Oc3cc(CN[C@H]1CCCN[C@H]1c2ccccc2)c(OC)cc3
flor 40 hr,7.389949681,O=[N+]([O-])c1cc(ccc1Cl)[N+]([O-])=O
glo 40 hr,7.239949681,O=[N+]([O-])c1cc(ccc1Cl)[N+]([O-])=O
flor 40 hr,7.239949681,Cl.Nc2nc(N)ccc2/N=N/c1ccccc1
flor 40 hr,7.739896549,s1cccc1SSc2cccs2
flor 40 hr,7.339896549,ClC(Cl)(Cl)C(OC(C)=O)c1ccccc1
flor 40 hr,7.639896549,O=C1OCC(C)O1
flor 40 hr,7.689896549,CO[Si](CCCNCCN)(OC)OC
glo 40 hr,7.189896549,Brc1ccccc1N2Cc3cnc(nc3N(C)C2=O)Nc4ccc5OC(COc5c4)CO
glo 40 hr,7.339949682,Cl.O=C(OCC)c4ccccc4C=1c3cc(C)c(cc3OC2=C\C(=N\CC)C(C)=CC=12)NCC
flor 40 hr,7.689896549,N(=N/Nc1ccccc1)\c2ccccc2
flor 40 hr,7.789896549,CC(C)CCCCCCCOP(OCCCCCCCC(C)C)Oc1ccccc1
flor 40 hr,7.289896549,O.[Na+].O.O.CCN(CC)C([S-])=S
glo 40 hr,7.339896549,O.[Na+].O.O.CCN(CC)C([S-])=S
glo 40 hr,7.389949681,O=C(C)Nc1ccc(cc1)C(=O)CCl
flor 40 hr,7.089896549,CN(C)c1ccc(N=O)cc1
glo 40 hr,7.539896549,CN(C)c1ccc(N=O)cc1
glo 40 hr,7.169207476,CS(=O)(=O)O.Brc3nc2cccc1C4=C[C@H](CN(C)[C@@H]4Cc3c12)C(=O)N[C@@]7(O[C@]6(O)N([C@@H](CC(C)C)C(=O)N5CCC[C@H]56)C7=O)C(C)C
flor 40 hr,7.234291376,Oc1ccc(cc1)C(c2ccc(OCCN(C)C)cc2)=C(CC)c3ccccc3
glo 40 hr,7.284291376,Oc1ccc(cc1)C(c2ccc(OCCN(C)C)cc2)=C(CC)c3ccccc3
flor 40 hr,7.389896549,[Cd+2].[Cl-].[Cl-]
flor 40 hr,7.639896549,O=C(c1ccc(O)cc1O)c2ccccc2
flor 40 hr,7.439949682,Cl.Cl.Nc1ccc(cc1Cl)c2ccc(N)c(Cl)c2
glo 40 hr,7.739949682,Cl.Cl.Nc1ccc(cc1Cl)c2ccc(N)c(Cl)c2
flor 40 hr,7.339949682,C1CN2CCN1CC2
flor 40 hr,5.989896549,CC(=O)O[Pb](c1ccccc1)(c2ccccc2)c3ccccc3
glo 40 hr,5.939896548,CC(=O)O[Pb](c1ccccc1)(c2ccccc2)c3ccccc3
flor 40 hr,7.635735408,Clc1ccc(cc1)CC3CCC(C(C)C)C3(O)Cn2cncn2
glo 40 hr,7.685735408,Clc1ccc(cc1)CC3CCC(C(C)C)C3(O)Cn2cncn2
flor 40 hr,7.239949681,O=[N+]([O-])c1cc(C)ccc1[N+]([O-])=O
flor 40 hr,7.089949682,CCCCCCCCCCCCCl
flor 40 hr,7.639949682,OCCN1C(=O)N(CCO)C(=O)N(CCO)C1=O
flor 40 hr,7.339896549,Oc1ccc2cc(ccc2c1)SSc3ccc4cc(O)ccc4c3
flor 40 hr,7.639896549,CC(C)(C)c2cc(C)cc(Cc1cc(C)cc(c1O)C(C)(C)C)c2O
glo 40 hr,7.689896549,CC(C)(C)c2cc(C)cc(Cc1cc(C)cc(c1O)C(C)(C)C)c2O
flor 40 hr,7.689949682,O=C4CC[C@@H]3[C@]4(C)CC[C@H]2[C@H]3CC=C1C[C@@H](O)CC[C@@]12C
flor 40 hr,7.689949682,OCC(=O)[C@@]53O[C@@H](O[C@@H]5C[C@H]2[C@@H]4CCC1=CC(=O)C=C[C@]1(C)[C@H]4[C@@H](O)C[C@@]23C)CCC
flor 40 hr,7.705185649,CCCCCCCCCCCC#N
flor 40 hr,7.389896549,O=C(OCCCCCCC)CCCCC(=O)OCCCCCCCCC
flor 40 hr,7.189896549,CC3(C)CN/C(=N\N=C(/C=C/c1ccc(cc1)C(F)(F)F)\C=C\c2ccc(cc2)C(F)(F)F)NC3
glo 40 hr,7.189896549,CC3(C)CN/C(=N\N=C(/C=C/c1ccc(cc1)C(F)(F)F)\C=C\c2ccc(cc2)C(F)(F)F)NC3
flor 40 hr,7.389949681,O=C(C=C)OCC(COC(=O)C=C)(CO)COC(=O)C=C
glo 40 hr,7.289949682,O=C(C=C)OCC(COC(=O)C=C)(CO)COC(=O)C=C
flor 40 hr,7.633316973,FC(F)(F)c1cc(cc(c1)C(F)(F)F)C(C)(C)C(=O)N(C)c2cnc(cc2c3ccc(F)cc3C)N4CC[C@@H](O)[C@H]4CO
glo 40 hr,7.633316973,FC(F)(F)c1cc(cc(c1)C(F)(F)F)C(C)(C)C(=O)N(C)c2cnc(cc2c3ccc(F)cc3C)N4CC[C@@H](O)[C@H]4CO
glo 40 hr,7.339949682,C\C(=C/c1ccccc1)[N+]([O-])=O
flor 40 hr,6.954044559,[Na+].[Na+].[O-]S(=O)(=O)c5cc(cc6ccc(O)c(/N=N/c1ccc(cc1C)c4ccc(/N=N/c3ccc(OS(=O)(=O)c2ccc(C)cc2)cc3)c(C)c4)c56)S([O-])(=O)=O
flor 40 hr,7.339896549,O=C2c3c(O[C@]12C(=CC(=O)C[C@H]1C)OC)c(Cl)c(OC)cc3OC
flor 40 hr,7.589949681,Oc1ccc(cc1)C3=CC(=O)c2c(cc(O)cc2O)O3
flor 40 hr,7.539949681,CC(C)(C)c1cc(C)ccc1O
flor 40 hr,7.739949682,[Na+].O=S([O-])(=O)c1ccc(C=C)cc1
flor 40 hr,7.189949681,OC(=O)c1ccc(cc1)C(=O)O
flor 40 hr,7.389949681,Oc1ccc(cc1)C(=O)OCCCCCCC
glo 40 hr,7.239949681,O=C2c1ccccc1C(=O)C(Cl)=C2Cl
flor 40 hr,7.639896549,[Na+].[S-]c1ccccc1
flor 40 hr,6.339949682,CC12CCC(C1)C(C)(C)C2O
flor 40 hr,6.639949682,O=C(O)C[C@H](O)C[C@H](O)/C=C/c2c(c1ccccc1n2C(C)C)c3ccc(F)cc3
flor 40 hr,7.539949681,Oc1ccc(cc1)C(=O)OCC(CC)CCCC
flor 40 hr,7.639949682,Cc1ccc(cc1)c2ccccc2
flor 40 hr,4.928660553,[O-][n+]2ccccc2S[Zn]Sc1cccc[n+]1[O-]
glo 40 hr,4.978660556,[O-][n+]2ccccc2S[Zn]Sc1cccc[n+]1[O-]
flor 40 hr,6.085683761,c1c4c5ccccc5ccc4cc3c1ccc2ccccc23
flor 40 hr,5.739896549,CCCC[Sn](OC(=O)c1ccccc1)(CCCC)CCCC
flor 40 hr,7.584179806,Cl.Clc1ccc(cc1)C(c2ccccc2)N3CCN(CC3)CCOCCO
glo 40 hr,7.684179806,Cl.Clc1ccc(cc1)C(c2ccccc2)N3CCN(CC3)CCOCCO
flor 40 hr,7.801238804,Cc1cnc(SC)cn1
flor 40 hr,5.334716745,Nc1nc2ccccc2n1
flor 40 hr,7.339896549,S=C1Nc2ccccc2N1
flor 40 hr,5.489896549,CCCC[Sn](Cl)(Cl)CCCC
glo 40 hr,5.139896549,CCCC[Sn](Cl)(Cl)CCCC
flor 40 hr,7.739949682,Nc1ccccc1C(=O)OCC
flor 40 hr,7.639949682,CCCCOCC1CO1
flor 40 hr,7.639949682,CC(C)c1cccc(C(C)C)c1O
glo 40 hr,5.589896548,CCCC[Sn](OC(=O)c1ccccc1)(CCCC)CCCC
flor 40 hr,7.039949682,Oc1ccc(cc1)C(=O)OCCCCCC
glo 40 hr,6.839949681,[Br-].C[N+](C)(CCCCCCCCCCCC)CCCCCCCCCCCC
flor 40 hr,7.289896549,SCCCCCCCCS
flor 40 hr,7.276624757,[Ca+2].O=C(C)NCCCS(=O)(=O)[O-].CC(=O)NCCCS([O-])(=O)=O
flor 40 hr,7.389949681,CC(CCCCCCCCC)C=O
flor 40 hr,7.639896549,C/C(C)=C\CCC(C)(C=C)OC(=O)C=Cc1ccccc1
flor 40 hr,7.162868639,CCC(CCCC)C=O
flor 40 hr,7.689896549,CN(C)CCOCCN(C)C
glo 40 hr,7.689949682,Oc1cc(CCCCC)cc(O)c1
flor 40 hr,7.739896549,O=C(O)Cc4ccccc4COc1cc2cc(oc2cc1)c3nc(cs3)C(C)(C)C
flor 40 hr,7.739949682,Oc1cc(cc(O)c1O)C(=O)OCCCCCCCCCCCC
glo 40 hr,7.739949682,Oc1cc(cc(O)c1O)C(=O)OCCCCCCCCCCCC
flor 40 hr,7.552139691,O=C(O)/C=C/C(=O)O.O=C5c1ccccc1C(=O)N5CCc2nc(on2)c4ccc(CN3CCCCCC3)s4
glo 40 hr,7.739949682,CC(C)(C)c2cc(cc(Cc1cc(CC)cc(c1O)C(C)(C)C)c2O)CC
flor 40 hr,7.589949681,Oc3cc4CC[C@@H]1[C@H](CC[C@]2(C)[C@H](O)CC[C@@H]12)c4cc3
flor 40 hr,7.439896549,CC(C)CCC(C)=O
flor 40 hr,6.9977479,Cl.Cl.Clc2ccc(NC(=N)NC(=N)NCCCCCCNC(=N)NC(=N)Nc1ccc(Cl)cc1)cc2
glo 40 hr,7.0977479,Cl.Cl.Clc2ccc(NC(=N)NC(=N)NCCCCCCNC(=N)NC(=N)Nc1ccc(Cl)cc1)cc2
flor 40 hr,7.191329237,[Br-].C[N+](C)(CCCCCCCCCCCCCCCC)CC
glo 40 hr,7.291329237,[Br-].C[N+](C)(CCCCCCCCCCCCCCCC)CC
flor 40 hr,7.039949682,N(=C=N\C1CCCCC1)\C2CCCCC2
glo 40 hr,7.089949682,N(=C=N\C1CCCCC1)\C2CCCCC2
flor 40 hr,7.689896549,c1cccc2sc(nc12)SSN3CCOCC3
glo 40 hr,7.739896549,c1cccc2sc(nc12)SSN3CCOCC3
flor 40 hr,4.889896547,NC(=O)OC[C@H]4c1c(cc(C=O)cc1OC)N3C[C@H]2[C@H](N2C(C)=O)[C@@]4(OC(C)=O)O3
glo 40 hr,4.889896547,NC(=O)OC[C@H]4c1c(cc(C=O)cc1OC)N3C[C@H]2[C@H](N2C(C)=O)[C@@]4(OC(C)=O)O3
flor 40 hr,7.789949682,CC(C)(C)c1ccc(N)cc1
glo 40 hr,7.089896549,O=C(C=C)OCC(COC(=O)C=C)(CC)COC(=O)C=C
flor 40 hr,7.639896549,Oc2c(Sc1cc(Cl)cc(Cl)c1O)cc(Cl)cc2Cl
glo 40 hr,7.639896549,Oc2c(Sc1cc(Cl)cc(Cl)c1O)cc(Cl)cc2Cl
flor 40 hr,7.189896549,CCCCCCCCOCCC#N
flor 40 hr,7.689896549,C=C[C@](C)(O)CC[C@@H]1[C@@]2(C)CCCC(C)(C)[C@@H]2CC[C@@]1(C)O
glo 40 hr,7.739896549,C=C[C@](C)(O)CC[C@@H]1[C@@]2(C)CCCC(C)(C)[C@@H]2CC[C@@]1(C)O
flor 40 hr,7.639896549,CC(CC)CO
flor 40 hr,7.639949682,CC(C)N(C(=O)CCl)c1ccccc1
flor 40 hr,7.134931643,FC(F)(F)C(=O)O.CCN(CC)C(=O)c1cc(c(cc1N(CC)CCN(C)C)N2CCC(CC2)c3ccccc3)S(=O)(=O)Cc4ccccc4
glo 40 hr,7.134931643,FC(F)(F)C(=O)O.CCN(CC)C(=O)c1cc(c(cc1N(CC)CCN(C)C)N2CCC(CC2)c3ccccc3)S(=O)(=O)Cc4ccccc4
flor 40 hr,7.289896549,O=C1SSC(Cl)=C1Cl
glo 40 hr,7.339896549,O=C1SSC(Cl)=C1Cl
flor 40 hr,7.239896549,[Cl-].CCCC[P+](CCCC)(CCCC)CCCCCCCCCCCCCC
glo 40 hr,7.039896549,[Cl-].CCCC[P+](CCCC)(CCCC)CCCCCCCCCCCCCC
flor 40 hr,7.739896549,Clc1cc(N)c(Cl)cc1c2cc(Cl)c(N)cc2Cl
flor 40 hr,7.689949682,Oc1ccc(cc1)c2ccccc2
glo 40 hr,7.589949681,Clc2c(Cc1c(O)c(Cl)cc(Cl)c1Cl)c(O)c(Cl)cc2Cl
flor 40 hr,7.639949682,OCC(=O)[C@@]54OC(C)(C)O[C@@H]5C[C@@H]3[C@]4(C)C[C@H](O)[C@H]2[C@H]3C[C@H](F)C1=CC(=O)CC[C@@]12C
flor 40 hr,7.543813819,F[B-](F)(F)F.C[n+]1ccn(CCCCCCCCCCCCCCCC)c1
glo 40 hr,7.59381382,F[B-](F)(F)F.C[n+]1ccn(CCCCCCCCCCCCCCCC)c1
flor 40 hr,7.391064221,FC(F)(F)S(=O)(=O)[N-]S(=O)(=O)C(F)(F)F.C[n+]1ccn(CCCCCCCCCCCCCCCC)c1
glo 40 hr,7.491064221,FC(F)(F)S(=O)(=O)[N-]S(=O)(=O)C(F)(F)F.C[n+]1ccn(CCCCCCCCCCCCCCCC)c1
flor 40 hr,7.639471291,O=C(O)C(O)(CC(=O)O)CC(=O)O.CN(C)CCOc1ccc(cc1)/C(c2ccccc2)=C(/CC)c3ccccc3
glo 40 hr,7.689471291,O=C(O)C(O)(CC(=O)O)CC(=O)O.CN(C)CCOc1ccc(cc1)/C(c2ccccc2)=C(/CC)c3ccccc3
flor 40 hr,7.388033479,[Hg+2].[Cl-].[Cl-]
flor 40 hr,7.688140119,CC(C)(C)c1cc(ccc1O)C(C)(C)C
flor 40 hr,7.542229284,Oc1ccccc1C(C)(C)CC(C)(C)C
glo 40 hr,7.339364922,IC(I)I
flor 40 hr,7.735896068,CC(C)(c1cc(ccc1O)C(C)(C)c2ccccc2)c3ccccc3
glo 40 hr,6.990055931,C/[N+](C)=C1\C=C/C(C=C1)=C(/c2ccccc2)c3ccc(cc3)N(C)C.[O-]C(=O)C(=O)O.[O-]C(=O)C(=O)O.O=C(O)C(=O)O.CN(C)c1ccc(cc1)C(\c2ccccc2)=C3/C=C/C(C=C3)=[N+](/C)C
flor 40 hr,6.68677985,CNC.CN(C)C(=S)S
flor 40 hr,7.395906749,[Fe+3].S=C([S-])N(C)C.CN(C)C([S-])=S.CN(C)C([S-])=S
flor 40 hr,7.287446564,F[P-](F)(F)(F)(F)F.C[n+]1ccn(CCCCCCCCCCCCCCCCCC)c1
glo 40 hr,7.337446564,F[P-](F)(F)(F)(F)F.C[n+]1ccn(CCCCCCCCCCCCCCCCCC)c1
flor 40 hr,7.234179806,Br.CN1C=CN(CCCCCCCC)C1
glo 40 hr,7.693708334,[I-].C[n+]1ccn(CCC)c1
flor 40 hr,6.992282179,Oc1cccc2cccnc12
flor 40 hr,7.287553325,[Cl-].CCCC[P+](CCCC)(CCCC)CCCCCCCCCCCCCC
glo 40 hr,7.337553325,[Cl-].CCCC[P+](CCCC)(CCCC)CCCCCCCCCCCCCC
flor 40 hr,6.991594118,[Na+].[Na+].[O-]S(=O)(=O)c5cc(cc6ccc(O)c(/N=N/c1ccc(cc1C)c4ccc(/N=N/c3ccc(OS(=O)(=O)c2ccc(C)cc2)cc3)c(C)c4)c56)S([O-])(=O)=O
flor 40 hr,6.887232977,C=C(C)C(=O)O[C@@H]1C[C@H]2CC[C@]1(C)C2(C)C
flor 40 hr,7.691276245,Oc1cc(O)ccc1CCCCCC
flor 40 hr,7.744393611,Cl.CN(C)C(C)CN1c3ccccc3Sc2ccccc12
flor 40 hr,7.640480712,Oc1ccc(cc1)C(=O)OCCCCCC
glo 40 hr,7.699791497,N#CSCSC#N
flor 40 hr,7.699947882,CC(C)(C)c1ccc(O)cc1
flor 40 hr,7.08893923,C[Hg]Cl
glo 40 hr,7.03893923,C[Hg]Cl
glo 40 hr,7.322567624,[Cl-].O.O.O.CN(C)c1ccc2nc3ccc(cc3[s+]c2c1)N(C)C
flor 40 hr,7.290746025,FC(F)(F)S(=O)(=O)[N-]S(=O)(=O)C(F)(F)F.C[n+]1ccn(CCCCCCCCCCCCCC)c1
glo 40 hr,7.340746025,FC(F)(F)S(=O)(=O)[N-]S(=O)(=O)C(F)(F)F.C[n+]1ccn(CCCCCCCCCCCCCC)c1
flor 40 hr,7.688174726,Oc1cc(cc(O)c1O)C(=O)OCCCCCCCCCCCC
flor 40 hr,4.428734063,Clc1cc2Oc3cc(Cl)c(Cl)cc3Oc2cc1Cl
flor 40 hr,7.345761468,COC(=O)c1ccc(cc1)C(=O)OC
flor 40 hr,7.286989065,O=[SeH2]=O
flor 40 hr,7.335360343,[Cl-].C[n+]1ccn(CCCCCCCCCCCCCC)c1
glo 40 hr,7.535360343,[Cl-].C[n+]1ccn(CCCCCCCCCCCCCC)c1
flor 40 hr,7.694130149,ClC(Cl)C(=O)CCl
glo 40 hr,7.390162159,CCCCCCI
flor 40 hr,7.25156112,O=C1C=CC(=O)N1
glo 40 hr,7.35156112,O=C1C=CC(=O)N1
flor 40 hr,7.656216615,FC1=CNC(=O)NC1=O
flor 40 hr,7.695551262,CS(=O)(=O)O.NC(=O)C[C@H](NC(=O)c1ccc2ccccc2n1)C(=O)N[C@@H](Cc3ccccc3)[C@H](O)CN4C[C@H]5CCCC[C@H]5C[C@H]4C(=O)NC(C)(C)C
flor 40 hr,7.389737118,[Zn+2].[S-]C(=S)N(CCCC)CCCC.CCCCN(CCCC)C([S-])=S
glo 40 hr,7.389737118,[Zn+2].[S-]C(=S)N(CCCC)CCCC.CCCCN(CCCC)C([S-])=S
flor 40 hr,7.538086802,Cl.CN4CCCCC4CCN1c3ccccc3Sc2ccc(SC)cc12
glo 40 hr,7.488086802,Cl.CN4CCCCC4CCN1c3ccccc3Sc2ccc(SC)cc12
glo 40 hr,7.391064221,[Na+].[Na+].[O-]C(=O)c4ccccc4C=2c3cc(I)c([O-])c(I)c3OC=1C=2C=C(I)C(=O)C=1I
flor 40 hr,7.593233382,Brc2cc3ccccc3c1ccccc12
flor 40 hr,7.596706348,O=[N+]([O-])c1cc(ccc1Cl)[N+]([O-])=O
glo 40 hr,7.546706348,O=[N+]([O-])c1cc(ccc1Cl)[N+]([O-])=O
flor 40 hr,7.291647078,NS(=O)(=O)c2cc(c(NCc1ccco1)cc2Cl)C(=O)O
flor 40 hr,7.088992461,[Na+].[Na+].O.O.[O-][Cr](=O)(=O)O[Cr]([O-])(=O)=O
flor 40 hr,7.690374549,Oc1ccc(cc1)c3sc2cc(O)ccc2c3C(=O)c5ccc(OCCN4CCCCC4)cc5
glo 40 hr,7.48830004,[I-].C[N+]1(CCCC)CCCCC1
glo 40 hr,7.391594118,[I-].CCC[N+]1(C)CCCCC1
flor 40 hr,7.596076619,[K+].F[B-](F)(F)F
flor 40 hr,7.089737118,[Na+].[Na+].[O-]S(=O)(=O)c5cc(/N=N/c1ccc(cc1)c2ccc(cc2)/N=N/c3cc(c4ccccc4c3N)S([O-])(=O)=O)c(N)c6ccccc56
glo 40 hr,7.689737118,[Na+].[Na+].[O-]S(=O)(=O)c5cc(/N=N/c1ccc(cc1)c2ccc(cc2)/N=N/c3cc(c4ccccc4c3N)S([O-])(=O)=O)c(N)c6ccccc56
flor 40 hr,7.395130596,O=C(C)C(Cl)C(=O)OCC
flor 40 hr,7.016488182,O=C(C=C)OCC(COC(=O)C=C)(CO)COC(=O)C=C
glo 40 hr,7.241488182,O=C(C=C)OCC(COC(=O)C=C)(CO)COC(=O)C=C
flor 40 hr,7.686965869,Cl.CCC(=O)C(CC(C)N(C)C)(c1ccccc1)c2ccccc2
flor 40 hr,6.639683963,Clc1cc(N)c(Cl)cc1c2cc(Cl)c(N)cc2Cl
flor 40 hr,7.342493708,ClC=1C(Cl)=C(Cl)C(Cl)(Cl)C=1Cl
flor 40 hr,7.392123477,O=C(OCCOCCOCCOCCOC(=O)C=C)C=C
flor 40 hr,7.488246738,NS(=O)(=O)c1ccc(cc1)n3nc(cc3c2ccc(C)cc2)C(F)(F)F
flor 40 hr,7.743444525,COc1ccc(cc1)C3=COc2cc(O)cc(O)c2C3=O
flor 40 hr,7.240055931,Cc1cc(C)ccc1[N+](=O)[O-]
flor 40 hr,7.109809021,Nc1ccc(cc1Cl)c2ccc(N)c(Cl)c2
flor 40 hr,7.409809021,CC=O
glo 40 hr,7.509809021,CC=O
flor 40 hr,7.390109048,N#C[N-]C#N.CCCCCC[P+](CCCCCCCCCCCCCC)(CCCCCC)CCCCCC
glo 40 hr,7.390109048,N#C[N-]C#N.CCCCCC[P+](CCCCCCCCCCCCCC)(CCCCCC)CCCCCC
flor 40 hr,7.739364922,C[C@@H]3CC[C@@H]1[C@]23C[C@H](C1(C)C)[C@](C)(O)CC2
flor 40 hr,7.638885994,[Cl-].C[N+](C)(C)CCCCCCCCCCCC
glo 40 hr,7.688885994,[Cl-].C[N+](C)(C)CCCCCCCCCCCC
flor 40 hr,7.381810678,[O-][N+](=O)CCC
flor 40 hr,7.644656939,Oc1ccc(cc1)C(C)(C)CC
flor 40 hr,7.689418109,FC(F)(F)S(=O)(=O)[N-]S(=O)(=O)C(F)(F)F.CCCCCC[P+](CCCCCC)(CCCCCC)CCCCCCCCCCCCCC
glo 40 hr,7.239577638,O=C3c2cccc1cccc(c12)C3=O
flor 40 hr,7.198643237,[Na+].CN(C)C([S-])=S
flor 40 hr,7.58530674,Oc1ccc(cc1C(C)(C)CC)C(C)(C)CC
flor 40 hr,7.101562888,O=C(C=C)OCC(COC(=O)C=C)(CC)COC(=O)C=C
glo 40 hr,7.551562888,O=C(C=C)OCC(COC(=O)C=C)(CC)COC(=O)C=C
flor 40 hr,6.739949682,O=C(OC)Nc1nc2ccccc2n1
flor 40 hr,7.759809021,O=NN1CCCC1
flor 40 hr,7.389471291,[Cl-].CC(C)(C)CC(C)(C)c2ccc(OCCOCC[N+](C)(C)Cc1ccccc1)cc2
glo 40 hr,7.389471291,[Cl-].CC(C)(C)CC(C)(C)c2ccc(OCCOCC[N+](C)(C)Cc1ccccc1)cc2
flor 40 hr,7.324177946,[Cl-].C[N+](C)(C)CCCCCCCCCCCCCCCC
glo 40 hr,7.546181626,[I-].CCCCn1cc[n+](C)c1
glo 40 hr,7.695919067,[I-].Cc1ccc[n+](CCCC)c1
flor 40 hr,7.687713425,[Cl-].Cc1cc[n+](CCCC)cc1
flor 40 hr,7.197754209,Oc4cc5Oc1cc(O)ccc1C3(OC(=O)c2cc(\N=C=S)ccc23)c5cc4
flor 40 hr,7.046548987,BrCCCCCCCCCCCCO
flor 40 hr,7.335038643,N=C2Nc1ncnc1C(=O)N2C
flor 40 hr,7.695025376,CC(C)(C)c1ccccc1O
flor 40 hr,7.694077441,c1cc(ccc1)c2ccccc2
flor 40 hr,7.186163724,O=C2c3c(O[C@]12C(=CC(=O)C[C@H]1C)OC)c(Cl)c(OC)cc3OC
flor 40 hr,7.684985007,Nc1ccc(cc1)c2ccc(N)cc2
flor 40 hr,7.689471291,[Cl-].C[n+]1ccn(CCCCCCCCCC)c1
flor 40 hr,7.689205328,F[P-](F)(F)(F)(F)F.C[n+]1ccn(CCCCCCCCCC)c1
flor 40 hr,7.484877719,c1ccc2Oc3ccccc3Oc2c1
glo 40 hr,6.286110204,CC(=O)O[Hg]c1ccccc1
flor 40 hr,7.690268365,[NH4+].[O-]S(=O)(=O)OCCCCCCCCCCCC
glo 40 hr,7.653117577,[I-].Cc1[n+](C)ccn1CCC
flor 40 hr,7.190586853,[Cl-].CCCCCCCCCC[n+]1ccn(CCCCCCCCCC)c1C
glo 40 hr,7.290586853,[Cl-].CCCCCCCCCC[n+]1ccn(CCCCCCCCCC)c1C
flor 40 hr,7.289577638,F[B-](F)(F)F.C[n+]1ccn(CCCCCCCCCCCC)c1
glo 40 hr,7.389577638,F[B-](F)(F)F.C[n+]1ccn(CCCCCCCCCCCC)c1
flor 40 hr,7.347335317,FC(F)(F)S([O-])(=O)=O.C[n+]1ccn(CCCCCCCCCCCC)c1
glo 40 hr,7.547335317,FC(F)(F)S([O-])(=O)=O.C[n+]1ccn(CCCCCCCCCCCC)c1
flor 40 hr,6.044498958,[O-][n+]2ccccc2S[Zn]Sc1cccc[n+]1[O-]
glo 40 hr,6.294498958,[O-][n+]2ccccc2S[Zn]Sc1cccc[n+]1[O-]
flor 40 hr,7.093972008,[K+].[K+].[O-][Cr](=O)(=O)O[Cr]([O-])(=O)=O
flor 40 hr,7.64381382,[I-].C[n+]1ccn(CCCCCCCCCCCC)c1
glo 40 hr,7.69381382,[I-].C[n+]1ccn(CCCCCCCCCCCC)c1
glo 40 hr,7.541170244,[I-].CC[n+]1ccccc1
glo 40 hr,7.398015845,CCCCCCCCCI
glo 40 hr,7.341964726,CCCCCCCCCCCCI
flor 40 hr,7.739418109,Nc1ccc(N)c2ccccc12
flor 40 hr,7.333642312,ClC(Cl)(Cl)SN2C(=O)c1ccccc1C2=O
glo 40 hr,7.533642312,ClC(Cl)(Cl)SN2C(=O)c1ccccc1C2=O
flor 40 hr,6.634998127,c1c4c5ccccc5ccc4cc3c1ccc2ccccc23
flor 40 hr,7.346758791,[Cl-].C[N+](C)(Cc1ccccc1)CCCCCCCCCCCCCC
glo 40 hr,7.346758791,[Cl-].C[N+](C)(Cc1ccccc1)CCCCCCCCCCCCCC
flor 40 hr,7.536431243,C[n+]1ccn(CC)c1.[O-]P(=O)(OCC)OCC
glo 40 hr,7.636431243,C[n+]1ccn(CC)c1.[O-]P(=O)(OCC)OCC
flor 40 hr,7.141647078,c3cc4c1ccccc1c2cc5ccccc5cc2c4cc3
flor 40 hr,7.538992461,Oc3cc4CC[C@@H]1[C@H](CC[C@]2(C)[C@@H](O)CC[C@@H]12)c4cc3
flor 40 hr,7.341435206,c1c4ccccc4cc3c1ccc2ccccc23
flor 40 hr,7.402599274,O=C1C=C(C)CC(C)(C)C1
glo 40 hr,7.638353335,Oc1c(cc(Br)cc1Br)C(=O)Nc2ccc(Br)cc2
flor 40 hr,7.065910398,[H][C@@]12O[C@]3(CC[C@@]([H])(C)CO3)[C@@H](C)[C@]1([H])[C@@]1(C)CC[C@@]3([H])[C@@]([H])(CC[C@@]4([H])C[C@@H](O[C@@H]5O[C@H](CO)[C@H](O[C@@H]6O[C@H](CO)[C@@H](O)[C@H](O[C@@H]7OC[C@@H](O)[C@H](O)[C@H]7O)[C@H]6O[C@@H]6O[C@H](CO)[C@@H](O)[C@H](O[C@@H]7O[C@H](CO)[C@@H](O)[C@H](O)[C@H]7O)[C@H]6O)[C@H](O)[C@H]5O)[C@H](O)C[C@]34C)[C@]1([H])[C@@H]2O
glo 40 hr,7.415910398,[H][C@@]12O[C@]3(CC[C@@]([H])(C)CO3)[C@@H](C)[C@]1([H])[C@@]1(C)CC[C@@]3([H])[C@@]([H])(CC[C@@]4([H])C[C@@H](O[C@@H]5O[C@H](CO)[C@H](O[C@@H]6O[C@H](CO)[C@@H](O)[C@H](O[C@@H]7OC[C@@H](O)[C@H](O)[C@H]7O)[C@H]6O[C@@H]6O[C@H](CO)[C@@H](O)[C@H](O[C@@H]7O[C@H](CO)[C@@H](O)[C@H](O)[C@H]7O)[C@H]6O)[C@H](O)[C@H]5O)[C@H](O)C[C@]34C)[C@]1([H])[C@@H]2O
flor 40 hr,7.643972008,c1ccnc3c1ccc2cccnc23
flor 40 hr,7.641117235,Oc1ccc(cc1)C(C)(CC(C)C)c2ccc(O)cc2
flor 40 hr,7.541329237,CN(C)c1ccc(N=O)cc1
flor 40 hr,6.280026737,c1cccc5c1cc4c2c5cccc2c3ccccc34
glo 40 hr,7.543286176,[I-].C[N+]1(CCC)CCCC1
flor 40 hr,7.142705151,O=S([O-])(=O)c1ccccc1CCCCCCCCCCCC.CCCC[P+](CCCC)(CCCC)CCCCCCCCCCCCCC
glo 40 hr,7.292705151,O=S([O-])(=O)c1ccccc1CCCCCCCCCCCC.CCCC[P+](CCCC)(CCCC)CCCCCCCCCCCCCC
flor 40 hr,6.426066734,[Cu+2].S=C([S-])N(C)C.CN(C)C([S-])=S
glo 40 hr,6.376066734,[Cu+2].S=C([S-])N(C)C.CN(C)C([S-])=S
flor 40 hr,7.63584252,Clc2ccc(NC(=N)NC(=N)NCCCCCCNC(=N)NC(=N)Nc1ccc(Cl)cc1)cc2
glo 40 hr,7.68584252,Clc2ccc(NC(=N)NC(=N)NCCCCCCNC(=N)NC(=N)Nc1ccc(Cl)cc1)cc2
flor 40 hr,7.691223247,[Na+].[Na+].[Na+].[O-]S(=O)(=O)c1ccc(cc1)/N=N/C3=C(NN(c2ccc(cc2)S([O-])(=O)=O)C3=O)C([O-])=O
flor 40 hr,7.694182852,OC1CCCCCCCCCCC1
flor 40 hr,7.73915212,c1cccc2sc(nc12)SSN3CCOCC3
flor 40 hr,7.623268326,[Na+].O=S(=O)([O-])C(CC(=O)OCC(CC)CCCC)C(=O)OCC(CC)CCCC
flor 40 hr,6.845867166,C[C@@H](CC)C(=O)O[C@H]2C[C@@H](C)C=C3C=C[C@H](C)[C@H](CC[C@@H]1C[C@@H](O)CC(=O)O1)[C@@H]23
glo 40 hr,7.745867166,C[C@@H](CC)C(=O)O[C@H]2C[C@@H](C)C=C3C=C[C@H](C)[C@H](CC[C@@H]1C[C@@H](O)CC(=O)O1)[C@@H]23
flor 40 hr,5.495498698,CCCC[Sn](Cl)(Cl)CCCC
glo 40 hr,5.295498698,CCCC[Sn](Cl)(Cl)CCCC
flor 40 hr,7.639098905,CC(C)(C)c1cc(C)ccc1O
flor 40 hr,7.741072713,Oc1ccc(cc1)C(\c2ccc(OCCN(C)C)cc2)=C(/CC)c3ccccc3
flor 40 hr,7.553117577,ClC=1C(=O)OC(O)C=1C(Cl)Cl
flor 40 hr,7.539737118,c1ccccc1Nc2ccccc2
glo 40 hr,7.639737118,c1ccccc1Nc2ccccc2
flor 40 hr,6.732888889,c1cccc2nccc12
glo 40 hr,6.532888889,c1cccc2nccc12
flor 40 hr,7.740002809,Cl.CN(C)CC\C=C1\c3ccccc3CCc2ccccc12
flor 40 hr,7.238885994,Clc2c(Cc1c(O)c(Cl)cc(Cl)c1Cl)c(O)c(Cl)cc2Cl
flor 40 hr,7.704152639,C[Si](Cn1cncn1)(c2ccc(F)cc2)c3ccc(F)cc3
flor 40 hr,7.359809021,[Br-].CCCCCCCCCCCCCCCC[n+]1ccccc1
glo 40 hr,7.609809021,[Br-].CCCCCCCCCCCCCCCC[n+]1ccccc1
flor 40 hr,7.691223247,Clc2ccc(C(OCC=C)Cn1ccnc1)c(Cl)c2
flor 40 hr,7.747230542,S=C(N)Nc1ccccc1
flor 40 hr,7.735788967,CC(C)(C)C(=O)C2C(=O)c1ccccc1C2=O
flor 40 hr,6.401041266,CN(C)C(=S)SC(=S)N(C)C
glo 40 hr,6.951041266,CN(C)C(=S)SC(=S)N(C)C
flor 40 hr,7.281648753,Clc1c(C#N)c(Cl)c(C#N)c(Cl)c1Cl
glo 40 hr,7.281648753,Clc1c(C#N)c(Cl)c(C#N)c(Cl)c1Cl
flor 40 hr,7.70156112,CCN(CC)c1ccc(N)cc1
flor 40 hr,7.679105349,Cc2cc(Oc1ccccc1)ccc2
flor 40 hr,7.714045686,CC(C)(C)c2cc(Sc1cc(c(O)cc1C)C(C)(C)C)c(C)cc2O
flor 40 hr,7.691964726,O=C(OCCOCCOC(=O)C=C)C=C
flor 40 hr,6.140852112,CCCC[Sn](Cl)(CCCC)CCCC
glo 40 hr,5.990852112,CCCC[Sn](Cl)(CCCC)CCCC
flor 40 hr,7.689045686,Oc2ccc(Cl)cc2Sc1cc(Cl)ccc1O
flor 40 hr,7.389045686,[Br-].CCCCCCCC[N+](CCCCCCCC)(CCCCCCCC)CCCCCCCC
glo 40 hr,7.389045686,[Br-].CCCCCCCC[N+](CCCCCCCC)(CCCCCCCC)CCCCCCCC
glo 40 hr,7.34259944,Cl.CC(=O)[C@@]4(O)C[C@H](O[C@H]1C[C@H](N)[C@H](O)[C@H](C)O1)c5c(O)c3C(=O)c2c(OC)cccc2C(=O)c3c(O)c5C4
flor 40 hr,7.04884137,O=C(Nc1ncc(s1)[N+]([O-])=O)c2ccccc2OC(C)=O
flor 40 hr,7.236858988,Oc3cc4CC[C@@H]2[C@H](CC[C@@]1(C)[C@H]2CC[C@@]1(O)C#C)c4cc3
glo 40 hr,7.697754209,Oc2ccc(Cl)cc2Cc1cc(Cl)ccc1O
flor 40 hr,7.247440071,OC(c1ccccc1Cl)(c2cncnc2)c3ccc(Cl)cc3
glo 40 hr,7.587820132,[Cl-].C/[N+](C)=C1\C=C\C(C=C1)=C(/c2ccc(cc2)N(C)C)c3ccc(cc3)N(C)C
flor 40 hr,7.687553325,c1cc3ccccc3cc1Nc2ccccc2
flor 40 hr,7.689896549,O=C(Oc1cccc(c1)NC(=O)OC)Nc2cc(C)ccc2
flor 40 hr,7.68637775,CC(C)(c1ccc(O)cc1)c2ccccc2
flor 40 hr,7.405701387,ClCC(=O)CCl
flor 40 hr,5.333911129,CN(C)C(=S)SSC(=S)N(C)C
glo 40 hr,7.733911128,CN(C)C(=S)SSC(=S)N(C)C
glo 40 hr,7.247440071,OC(c1ccccc1Cl)(c2cncnc2)c3ccc(Cl)cc3
flor 40 hr,7.691752982,[Na+].[Na+].O=S([O-])(=O)c3ccc(/N=N/c1c2ccc(cc2ccc1O)S([O-])(=O)=O)cc3
flor 40 hr,6.887766781,O=C(OC)Nc2nc1ccccc1n2C(=O)NCCCC
flor 40 hr,7.087606697,S=C1SCN(C)CN1C
flor 40 hr,7.683050429,O=C(O)CCCCCCCCCCCC(=O)O
flor 40 hr,7.687072729,Oc1ccccc1C(C)CC
flor 40 hr,7.742440834,Nc1ccccc1C(=O)OCCCC
flor 40 hr,7.689683963,O=CC(\Cl)=C(\Cl)C(=O)O
flor 40 hr,7.293444525,O=P(OC)(OC)OC
flor 40 hr,7.692387954,O=Nc2ccc(Nc1ccccc1)cc2
flor 40 hr,7.093022154,ClC(Cl)C(Cl)(Cl)SN2C(=O)C1CC=CCC1C2=O
glo 40 hr,7.643022154,ClC(Cl)C(Cl)(Cl)SN2C(=O)C1CC=CCC1C2=O
flor 40 hr,7.395708925,C=C(C)[C@@H]2Oc3ccc1C(=O)[C@H]4c5cc(OC)c(OC)cc5OC[C@H]4Oc1c3C2
glo 40 hr,7.645708925,C=C(C)[C@@H]2Oc3ccc1C(=O)[C@H]4c5cc(OC)c(OC)cc5OC[C@H]4Oc1c3C2
flor 40 hr,7.19233507,Cl.Cl.Nc1ccc(cc1Cl)c2ccc(N)c(Cl)c2
flor 40 hr,7.394393611,Oc1ccc(CCCCCCCCC)cc1
flor 40 hr,7.692757998,CN(C)CCOc1ccc(cc1)/C(c2ccccc2)=C(/CC)c3ccccc3
glo 40 hr,7.039205328,[Zn+2].S=C([S-])N(C)C.CN(C)C([S-])=S
glo 40 hr,7.689790267,BrC(Br)(Br)C(=O)O
flor 40 hr,7.688992461,Cl.COc1cc(ccc1OC)C(C#N)(CCCN(C)CCc2ccc(OC)c(OC)c2)C(C)C
flor 40 hr,7.744446287,Cl.CC(COc1ccccc1)N(Cc2ccccc2)CCCl
glo 40 hr,7.541382224,O=C2c1ccccc1C(=O)C(Cl)=C2Cl
flor 40 hr,7.634877719,Oc2cccc1Cc3cccc(O)c3C(=O)c12
flor 40 hr,7.628616895,CS(=O)(=O)O.Oc1cccc(c1C)C(=O)N[C@@H](CSc2ccccc2)[C@H](O)CN3C[C@H]4CCCC[C@H]4C[C@H]3C(=O)NC(C)(C)C
flor 40 hr,7.701041266,CC=2CCCC(C)(C)C=2/C=CC(\C)=C\C=C\C(\C)=C\C(=O)Nc1ccc(O)cc1
glo 40 hr,7.640852112,O=C1C=CSN1CCCCCCCC
flor 40 hr,6.895235794,CSSC
flor 40 hr,7.566114502,O=C2C1(Cl)C3(Cl)C5(Cl)C1(Cl)C4(Cl)C2(Cl)C3(Cl)C4(Cl)C5(Cl)Cl
glo 40 hr,7.732781169,O=C2C1(Cl)C3(Cl)C5(Cl)C1(Cl)C4(Cl)C2(Cl)C3(Cl)C4(Cl)C5(Cl)Cl
glo 40 hr,7.73798015,OCCS(=O)(=O)O.OCCS(=O)(=O)O.N=C(N)c1ccc(cc1)OCCCCCOc2ccc(cc2)C(=N)N
flor 40 hr,7.272440071,Oc1ccc(CCCCCCC(C)C)cc1
flor 40 hr,7.692070565,CC(C)(C)c2cc(C)cc(Cc1cc(C)cc(c1O)C(C)(C)C)c2O
glo 40 hr,7.742070565,CC(C)(C)c2cc(C)cc(Cc1cc(C)cc(c1O)C(C)(C)C)c2O
glo 40 hr,7.63830004,Cl.O=C(OCC)c4ccccc4C=1c3cc(C)c(cc3OC2=C\C(=N\CC)C(C)=CC=12)NCC
flor 40 hr,6.997282932,Oc3cc4CC[C@@H]1[C@H](CC[C@]2(C)[C@H](O)CC[C@@H]12)c4cc3
flor 40 hr,7.73798015,Oc1ccc(cc1)C(c2ccc(O)cc2)(C(F)(F)F)C(F)(F)F
glo 40 hr,6.687873477,O=C(NCCCC)OCC#CI
flor 40 hr,7.135896068,O=C(OCCOCCOCCOCCOC(=O)C=C)C=C
flor 40 hr,7.289896549,ClC(Cl)(Cl)S(=O)(=O)C(Cl)(Cl)Cl
glo 40 hr,7.539896549,ClC(Cl)(Cl)S(=O)(=O)C(Cl)(Cl)Cl
flor 40 hr,6.978660554,c5ccc6c1cc2cccc3ccc4ccc(c1c4c23)c6c5
flor 40 hr,6.685242909,[Na+].CC(C)c1nc(c(/C=C/[C@@H](O)C[C@@H](O)CC([O-])=O)c(c1COC)c2ccc(F)cc2)C(C)C
glo 40 hr,6.735242909,[Na+].CC(C)c1nc(c(/C=C/[C@@H](O)C[C@@H](O)CC([O-])=O)c(c1COC)c2ccc(F)cc2)C(C)C
flor 40 hr,7.178660554,N#C/C(C#N)=N\Nc1ccc(cc1)C2=NNC(=O)C[C@H]2C
flor 40 hr,5.928660554,O=C(OC)Nc1nc2cc(ccc2n1)C(=O)C3CC3
flor 40 hr,7.028660554,Cl.Fc1cc2CC[C@@H](Oc2cc1)[C@@H](O)CNC[C@H](O)[C@@H]3CCc4cc(F)ccc4O3
flor 40 hr,7.639896549,Oc1ccc(CCCCC)cc1
glo 40 hr,7.178660554,Cl.Fc1cc2CC[C@@H](Oc2cc1)[C@@H](O)CNC[C@H](O)[C@@H]3CCc4cc(F)ccc4O3
flor 40 hr,6.992863676,N(=C=N\C1CCCCC1)\C2CCCCC2
glo 40 hr,7.092863676,N(=C=N\C1CCCCC1)\C2CCCCC2
flor 40 hr,7.328660554,C/C(C)=C\CCC(\C)=C\CCC(/C)=C/C(=O)OCC(=O)[C@@]4(O)CC[C@@H]3[C@]4(C)C[C@H](O)[C@H]2[C@H]3CCC1=CC(=O)C=C[C@@]12C
flor 40 hr,4.62866055,COC1CN(CCO1)C6CC(OC5C[C@@](O)(Cc4c5c(O)c3C(=O)c2c(OC)cccc2C(=O)c3c4O)C(=O)CO)OC(C)C6O
glo 40 hr,4.528660558,COC1CN(CCO1)C6CC(OC5C[C@@](O)(Cc4c5c(O)c3C(=O)c2c(OC)cccc2C(=O)c3c4O)C(=O)CO)OC(C)C6O
flor 40 hr,7.089896549,O=C3C=CC(=O)N3c1cccc(c1)N2C(=O)C=CC2=O
glo 40 hr,7.239896549,O=C3C=CC(=O)N3c1cccc(c1)N2C(=O)C=CC2=O
flor 40 hr,5.730252187,CCCC[Sn](CCCC)(CCCC)O[Sn](CCCC)(CCCC)CCCC
glo 40 hr,5.730252187,CCCC[Sn](CCCC)(CCCC)O[Sn](CCCC)(CCCC)CCCC
flor 40 hr,7.389896549,Cc1ccc(cc1)S(=O)(=O)C(I)I
glo 40 hr,7.089896549,Cc1ccc(cc1)S(=O)(=O)C(I)I
glo 40 hr,7.228660554,[I-].[I-].COc7ccc1cc7Oc6cc5c(CC[N+](C)(C)[C@H]5Cc4ccc(Oc3c2c(CC[N+](C)(C)[C@@H]2C1)cc(OC)c3OC)cc4)cc6OC
flor 40 hr,7.028660554,O=C2O[Pt](N)(N)OC(=O)C12CCC1
flor 40 hr,7.028660554,[Cl-].C[N+](C)(Cc1ccccc1)CCCCCCCCCCCCCCCC
glo 40 hr,6.928660554,[Cl-].C[N+](C)(Cc1ccccc1)CCCCCCCCCCCCCCCC
flor 40 hr,6.728660554,C/[N+](C)=C1/C=C/C(C=C1)=C(/c2ccccc2)c3ccc(cc3)N(C)C.[O-]C(=O)C(=O)O
glo 40 hr,6.778660554,C/[N+](C)=C1/C=C/C(C=C1)=C(/c2ccccc2)c3ccc(cc3)N(C)C.[O-]C(=O)C(=O)O
flor 40 hr,7.289896549,[Cl-].C(c1ccccc1)[P+](c2ccccc2)(c3ccccc3)c4ccccc4
flor 40 hr,6.828660554,O=C1C[C@@]5(CCCN4CCc3c(n1c2ccccc23)[C@@H]45)CC
glo 40 hr,5.978660554,Cl.OCC(=O)[C@@]4(O)C[C@H](O[C@H]1C[C@H](N)[C@H](O)[C@H](C)O1)c5c(O)c3C(=O)c2c(OC)cccc2C(=O)c3c(O)c5C4
flor 40 hr,7.378660554,Br.NC(=O)C(c1ccccc1)(c2ccccc2)[C@@H]3CCN(C3)CCc4cc5CCOc5cc4
flor 40 hr,6.178660554,OCC(=O)[C@]4(O)Cc3c(c(O)c2C(=O)c1c(OC)cccc1C(=O)c2c3O)[C@H](C4)O[C@H]6C[C@H](N)[C@H](O[C@@H]5CCCCO5)[C@H](C)O6
glo 40 hr,6.278660554,OCC(=O)[C@]4(O)Cc3c(c(O)c2C(=O)c1c(OC)cccc1C(=O)c2c3O)[C@H](C4)O[C@H]6C[C@H](N)[C@H](O[C@@H]5CCCCO5)[C@H](C)O6
flor 40 hr,7.389896549,Oc2ccc(cc2C1CCCCC1)C3(CCCCC3)c5cc(C4CCCCC4)c(O)cc5
glo 40 hr,7.539896549,Oc2ccc(cc2C1CCCCC1)C3(CCCCC3)c5cc(C4CCCCC4)c(O)cc5
flor 40 hr,6.978660554,Oc2cccc1c2CCCC1=O
flor 40 hr,6.978660554,[Na+].[O-]C(=O)C[C@H](O)C[C@H](O)/C=C/c2c(c1ccccc1n2C(C)C)c3ccc(F)cc3
flor 40 hr,7.228660554,C[C@@H](O[C@H]2OCCN(CC1=NC(=O)N=N1)[C@H]2C3CCC(F)CC3)c4cc(cc(c4)C(F)(F)F)C(F)(F)F
glo 40 hr,7.328660554,C[C@@H](O[C@H]2OCCN(CC1=NC(=O)N=N1)[C@H]2C3CCC(F)CC3)c4cc(cc(c4)C(F)(F)F)C(F)(F)F
flor 40 hr,6.778660554,[Cl-].C/[N+](C)=C1\C=C/C(C=C1)=C(/c2ccccc2)c3ccc(cc3)N(C)C
glo 40 hr,6.878660554,[Cl-].C/[N+](C)=C1\C=C/C(C=C1)=C(/c2ccccc2)c3ccc(cc3)N(C)C
flor 40 hr,7.378660554,Cl.CN1CCCC(C1)CC2c4ccccc4Sc3ccccc23
glo 40 hr,7.428660554,Cl.CN1CCCC(C1)CC2c4ccccc4Sc3ccccc23
flor 40 hr,7.389896549,O=[N+]([O-])c1ccc(cc1)[N+]([O-])=O
flor 40 hr,6.417424559,Cl[Sn](c1ccccc1)(c2ccccc2)c3ccccc3
glo 40 hr,6.417424559,Cl[Sn](c1ccccc1)(c2ccccc2)c3ccccc3
flor 40 hr,7.428660554,Clc1cc3c(cc1)Oc2ccccc2[C@@H]4CN(C)C[C@@H]34
flor 40 hr,6.817424559,ClC2=C(Cl)C3(Cl)C1C(C(=O)N([Hg]CC)C1=O)C2(Cl)C3(Cl)Cl
glo 40 hr,6.817424559,ClC2=C(Cl)C3(Cl)C1C(C(=O)N([Hg]CC)C1=O)C2(Cl)C3(Cl)Cl
flor 40 hr,7.089896549,O=C2C=CC(=O)c1ccccc12
glo 40 hr,7.389896549,O=C2C=CC(=O)c1ccccc12
flor 40 hr,7.378660554,O=C(OCCCCCC)\N=C(\N)c1ccc(cc1)NCc3nc2cc(ccc2n3C)C(=O)N(CCC(=O)OCC)c4ccccn4
flor 40 hr,7.328660554,Cl.COc1ccc(cc1)c2nc3ccc(cc3n2)C4=NNC(=O)CC4C
flor 40 hr,7.239896549,Clc2cccc(Cl)c2C(=O)NCc1ncc(cc1Cl)C(F)(F)F
flor 40 hr,7.739896549,O=C(Cl)c1ccc(Cl)cc1Cl
flor 40 hr,7.378660554,CCN(CC)c4cc5Oc1cc(ccc1C3(OC(=O)c2ccccc23)c5cc4)N(CC)CC
flor 40 hr,6.828660554,Cc1ccccc1C(=O)Nc2ccc(cc2)C(=O)N4CCCC(c3ccccc34)N(C)C
flor 40 hr,7.378660554,Oc1ccc(C)cc1[C@H](CCN(C(C)C)C(C)C)c2ccccc2
flor 40 hr,7.689896549,Oc2ccc(cc2c1ccccc1)C(C)(C)c3ccc(O)c(c3)c4ccccc4
flor 40 hr,7.589896549,CC(c1ccc(O)cc1)(c2ccccc2)c3ccc(O)cc3
flor 40 hr,7.328660554,CC1=CC(C)=NC(=O)N1.[O-][N+](=O)c1ccc(cc1)NC(=O)Nc2ccc(cc2)[N+]([O-])=O
flor 40 hr,6.828660554,[NH4+].O[C@]1(CC([O-])=O)O[C@H]([C@H](OC)[C@@H](OC)[C@@H]1C)[C@H](C)[C@H]2O[C@]3(C[C@H](O)[C@H]2C)CC[C@](C)(O3)[C@H]4CC[C@](C)(O4)[C@@H]6O[C@H](C[C@@H]6OC5C[C@H](OC)[C@@H](OC)[C@H](C)O5)[C@H]7O[C@](C)(O)[C@H](C)C[C@@H]7C
glo 40 hr,6.778660554,[NH4+].O[C@]1(CC([O-])=O)O[C@H]([C@H](OC)[C@@H](OC)[C@@H]1C)[C@H](C)[C@H]2O[C@]3(C[C@H](O)[C@H]2C)CC[C@](C)(O3)[C@H]4CC[C@](C)(O4)[C@@H]6O[C@H](C[C@@H]6OC5C[C@H](OC)[C@@H](OC)[C@H](C)O5)[C@H]7O[C@](C)(O)[C@H](C)C[C@@H]7C
flor 40 hr,6.417424559,[Ca+2].[O-]C(=O)C[C@H](O)C[C@H](O)/C=C/c3c(c1ccc(F)cc1)c4ccccc4nc3C2CC2.[O-]C(=O)C[C@H](O)CC(O)/C=C/c1c(c3ccccc3nc1C2CC2)c4ccc(F)cc4
